Id,IDBA,Role,Process,BusinessActivity,BusinessPermission,ISDataType,ISActivity,System,ServiceCall,ISPermission
1,1,Sammlund und Wissenschaft:Restaurator,eigenes Werk wird zurückgebracht,Auspacken beaufsichtigen und protokollieren,WRITE Protokoll (Comp),Protokoll (Comp),Protokoll hinzufügen,Kunsthalle,System.ISystemLeihverkehrProvidedRole.fügeProtokollHinzu(),1. READ token: Token<br>2. READ protokoll: Protokoll<br>
2,1,Sammlund und Wissenschaft:Restaurator,eigenes Werk wird zurückgebracht,Auspacken beaufsichtigen und protokollieren,WRITE Protokoll (Comp),Protokoll (Comp),sich im System für Zustandsaktualisierung anmelden,Kunsthalle,System.ISystemZugangProvidedRole.anmelden(),1. READ cred: Credentials<br>2. WRITE Token<br>
3,2,Sammlung und Wissenschaft:Depotmeister,eigenes Werk wird zurückgebracht, Auspacken beaufsichtigen und Protokoll ergänzen,READ/WRITE Protokoll (Comp),Protokoll (Comp),Protokoll hinzufügen 2,Kunsthalle,System.ISystemLeihverkehrProvidedRole.fügeProtokollHinzu(),1. READ token: Token<br>2. READ protokoll: Protokoll<br>
4,2,Sammlung und Wissenschaft:Depotmeister,eigenes Werk wird zurückgebracht, Auspacken beaufsichtigen und Protokoll ergänzen,READ/WRITE Protokoll (Comp),Protokoll (Comp),sich im System für Zustandsaktualisierung anmelden 2,Kunsthalle,System.ISystemZugangProvidedRole.anmelden(),1. READ cred: Credentials<br>2. WRITE Token<br>
5,3,Sammlung und Wissenschaft:Depotmeister,eigenes Werk wird zurückgebracht,Zustand vermerken,WRITE Standortdaten (Coll),Standortdaten (Coll),Zustand aktualisieren,Kunsthalle,System.ISystemAllgemeineZugriffeProvidedRole.aktualisiereStandort(),1. READ token: Token<br>2. READ standort: Standort<br>
6,3,Sammlung und Wissenschaft:Depotmeister,eigenes Werk wird zurückgebracht,Zustand vermerken,WRITE Standortdaten (Coll),Standortdaten (Coll),aktuellen Zustand holen,Kunsthalle,System.ISystemAllgemeineZugriffeProvidedRole.gibAusstellungsobjektMitStandort(),1. READ token: Token<br>2. READ name: STRING<br>3. WRITE AusstellungsobjektMitStandort<br>
7,3,Sammlung und Wissenschaft:Depotmeister,eigenes Werk wird zurückgebracht,Zustand vermerken,WRITE Standortdaten (Coll),Standortdaten (Coll),sich im System für Zustandsaktualisierung abmelden,Kunsthalle,System.ISystemZugangProvidedRole.abmelden(),READ Token: Token
8,4,Sammlund und Wissenschaft:Restaurator,eigenes Werk wird zurückgebracht,Werk begutachten,,,,,,
9,5,Sammlund und Wissenschaft:Restaurator,eigenes Werk wird zurückgebracht,Werkarbeiten durchführen,,,,,,
10,6,Sammlund und Wissenschaft:Restaurator,eigenes Werk wird zurückgebracht,Werk an vorgesehenen Ort transportieren,,,,,,
11,7,Ausschuss:Wissenschaftsversammlung,Konzeption neuer Ausstellung,Ausstellung beschließen,,,,,,
12,8,Sammlung und Wissenschaft:Kurator,Konzeption neuer Ausstellung,Konzept erstellen,WRITE Ausstellungskonzept (Comp),Ausstellungskonzept (Comp),,,,
13,9,Sammlung und Wissenschaft:Kurator,Konzeption neuer Ausstellung,Budget verhandeln,1. READ Ausstellungskonzept (Comp)<br>2. WRITE Kosten- und Finanzierungsplan (Comp)<br>,1. Ausstellungskonzept (Comp)<br>2. Kosten- und Finanzierungsplan (Comp)<br>,,,,
14,10,Vorstand:Direktor,Konzeption neuer Ausstellung,Budget absegnen,READ Kosten- und Finanzierungsplan (Comp),Kosten- und Finanzierungsplan (Comp),,,,
15,11,Vorstand:Kaufmännische Geschäftsführer,Konzeption neuer Ausstellung,Budget absegnen durch Geschäftsführer,READ Kosten- und Finanzierungsplan (Comp),Kosten- und Finanzierungsplan (Comp),,,,
16,12,Sammlung und Wissenschaft:Kurator,Konzeption neuer Ausstellung,über Budgets benachrichtigen,READ Kosten- und Finanzierungsplan (Comp),Kosten- und Finanzierungsplan (Comp),Budget eintragen,Kunsthalle,System.ISystemAusstellungProvidedRole.fügeKostenUndFinanzierungsplanHinzu(),1. READ token: Token<br>2. READ plan: Kosten- und Finanzierungsplan<br>
17,12,Sammlung und Wissenschaft:Kurator,Konzeption neuer Ausstellung,über Budgets benachrichtigen,READ Kosten- und Finanzierungsplan (Comp),Kosten- und Finanzierungsplan (Comp),sich im System abmelden,Kunsthalle,System.ISystemZugangProvidedRole.abmelden(),READ Token: Token
18,12,Sammlung und Wissenschaft:Kurator,Konzeption neuer Ausstellung,über Budgets benachrichtigen,READ Kosten- und Finanzierungsplan (Comp),Kosten- und Finanzierungsplan (Comp),sich im System anmelden,Kunsthalle,System.ISystemZugangProvidedRole.anmelden(),1. READ cred: Credentials<br>2. WRITE Token<br>
19,13,Sammlung und Wissenschaft:Kurator,Konzeption neuer Ausstellung,fremde Werke ausleihen,READ/WRITE Ausstellungskonzept (Comp),Ausstellungskonzept (Comp),,,,
20,14,Sammlung und Wissenschaft:Kurator,Konzeption neuer Ausstellung,Katalog erarbeiten,READ Ausstellungskonzept (Comp),Ausstellungskonzept (Comp),,,,
21,15,Kommunikation:Kommunikation,Konzeption neuer Ausstellung,digitale Produkte erstellen,READ Ausstellungskonzept (Comp),Ausstellungskonzept (Comp),,,,
22,16,Sammlung und Wissenschaft:Kunstvermittler,Konzeption neuer Ausstellung,Vermittlungsangebot erstellen,READ Ausstellungskonzept (Comp),Ausstellungskonzept (Comp),,,,
23,17,Kommunikation:Kommunikation,Konzeption neuer Ausstellung,Marketingstrategie vorbereiten,READ Ausstellungskonzept (Comp),Ausstellungskonzept (Comp),,,,
24,18,Sammlung und Wissenschaft:Registrar,Konzeption neuer Ausstellung,fremdes Werk wird angeliefert,,,,,,
25,19,Sammlung und Wissenschaft:Kurator,Konzept erstellen,eigene Ausstellungsobjekte für Ausstellung auswählen,1. READ Ausstellungsobjekte (Coll)<br>2. READ Literatur (Coll)<br>3. READ Standortdaten (Coll)<br>4. WRITE Ausstellungskonzept (Comp)<br>,1. Ausstellungsobjekte (Coll)<br>2. Literatur (Coll)<br>3. Standortdaten (Coll)<br>4. Ausstellungskonzept (Comp)<br>,Ausstellungskonzept anlegen,Kunsthalle,System.ISystemAusstellungProvidedRole.erstelleAusstellungskonzept(),1. READ token: Token<br>2. WRITE Ausstellungskonzept<br>
26,19,Sammlung und Wissenschaft:Kurator,Konzept erstellen,eigene Ausstellungsobjekte für Ausstellung auswählen,1. READ Ausstellungsobjekte (Coll)<br>2. READ Literatur (Coll)<br>3. READ Standortdaten (Coll)<br>4. WRITE Ausstellungskonzept (Comp)<br>,1. Ausstellungsobjekte (Coll)<br>2. Literatur (Coll)<br>3. Standortdaten (Coll)<br>4. Ausstellungskonzept (Comp)<br>,Ausstellungsobjekte mit deren Standort holen,Kunsthalle,System.ISystemAllgemeineZugriffeProvidedRole.gibAusstellungsobjekteMitStandort(),1. READ token: Token<br>2. WRITE AusstellungsobjekteMitStandort<br>
27,19,Sammlung und Wissenschaft:Kurator,Konzept erstellen,eigene Ausstellungsobjekte für Ausstellung auswählen,1. READ Ausstellungsobjekte (Coll)<br>2. READ Literatur (Coll)<br>3. READ Standortdaten (Coll)<br>4. WRITE Ausstellungskonzept (Comp)<br>,1. Ausstellungsobjekte (Coll)<br>2. Literatur (Coll)<br>3. Standortdaten (Coll)<br>4. Ausstellungskonzept (Comp)<br>,Literatur holen,Kunsthalle,System.ISystemAllgemeineZugriffeProvidedRole.gibLiteratur(),1. READ token: Token<br>2. WRITE Literatur<br>
28,19,Sammlung und Wissenschaft:Kurator,Konzept erstellen,eigene Ausstellungsobjekte für Ausstellung auswählen,1. READ Ausstellungsobjekte (Coll)<br>2. READ Literatur (Coll)<br>3. READ Standortdaten (Coll)<br>4. WRITE Ausstellungskonzept (Comp)<br>,1. Ausstellungsobjekte (Coll)<br>2. Literatur (Coll)<br>3. Standortdaten (Coll)<br>4. Ausstellungskonzept (Comp)<br>,eigenes Ausstellungsobjekt dem Ausstellungskonzept hinzufügen,Kunsthalle,System.ISystemAusstellungProvidedRole.fügeEigenesAusstellungsobjektDemAusstellungskonzeptHinzu(),1. READ token: Token<br>2. READ konzept: Ausstellungskonzept<br>3. READ eigenesAusstellungsobjekt: Ausstellungsobjekt<br>4. READ Restaurorische Maßnahmen erforderlich?: BOOL<br>5. READ inhaltliches: STRING<br>
29,19,Sammlung und Wissenschaft:Kurator,Konzept erstellen,eigene Ausstellungsobjekte für Ausstellung auswählen,1. READ Ausstellungsobjekte (Coll)<br>2. READ Literatur (Coll)<br>3. READ Standortdaten (Coll)<br>4. WRITE Ausstellungskonzept (Comp)<br>,1. Ausstellungsobjekte (Coll)<br>2. Literatur (Coll)<br>3. Standortdaten (Coll)<br>4. Ausstellungskonzept (Comp)<br>,sich im System für die Konzepterstellung abmelden,Kunsthalle,System.ISystemZugangProvidedRole.abmelden(),READ Token: Token
30,19,Sammlung und Wissenschaft:Kurator,Konzept erstellen,eigene Ausstellungsobjekte für Ausstellung auswählen,1. READ Ausstellungsobjekte (Coll)<br>2. READ Literatur (Coll)<br>3. READ Standortdaten (Coll)<br>4. WRITE Ausstellungskonzept (Comp)<br>,1. Ausstellungsobjekte (Coll)<br>2. Literatur (Coll)<br>3. Standortdaten (Coll)<br>4. Ausstellungskonzept (Comp)<br>,sich im System für die Konzepterstellung anmelden,Kunsthalle,System.ISystemZugangProvidedRole.anmelden(),1. READ cred: Credentials<br>2. WRITE Token<br>
31,20,Sammlung und Wissenschaft:Restaurator,Konzept erstellen,über Ausstellfähigkeit der eigenen Werke entscheiden,READ/WRITE Ausstellungskonzept (Comp),Ausstellungskonzept (Comp),Ausstellungskonzept holen,Kunsthalle,System.ISystemAusstellungProvidedRole.gibAusstellungskonzept(),1. READ token: Token<br>2. READ ausstellungsName: STRING<br>3. WRITE Ausstellungskonzept<br>
32,20,Sammlung und Wissenschaft:Restaurator,Konzept erstellen,über Ausstellfähigkeit der eigenen Werke entscheiden,READ/WRITE Ausstellungskonzept (Comp),Ausstellungskonzept (Comp),Ausstellungsobjekt entfernen,Kunsthalle,System.ISystemAusstellungProvidedRole.entferneAusstellungsobjektAusAusstellungskonzept(),1. READ token: Token<br>2. READ konzept: Ausstellungskonzept<br>3. READ ausstellungsobjekt: öffentlich sichtbares Ausstellungsobjekt<br>
33,20,Sammlung und Wissenschaft:Restaurator,Konzept erstellen,über Ausstellfähigkeit der eigenen Werke entscheiden,READ/WRITE Ausstellungskonzept (Comp),Ausstellungskonzept (Comp),sich im System für die Ausstell-Entscheidung abmelden,Kunsthalle,System.ISystemZugangProvidedRole.abmelden(),READ Token: Token
34,20,Sammlung und Wissenschaft:Restaurator,Konzept erstellen,über Ausstellfähigkeit der eigenen Werke entscheiden,READ/WRITE Ausstellungskonzept (Comp),Ausstellungskonzept (Comp),sich im System für die Ausstell-Entscheidung anmelden,Kunsthalle,System.ISystemZugangProvidedRole.anmelden(),1. READ cred: Credentials<br>2. WRITE Token<br>
35,21,Sammlung und Wissenschaft:Kurator,Konzept erstellen,in Literatur nach verwandten Werken recherchieren,1. READ Literatur (Coll)<br>2. READ öffentliche und private Forschungsliteratur (Coll)<br>3. WRITE Ausstellungskonzept (Comp)<br>,1. Literatur (Coll)<br>2. öffentliche und private Forschungsliteratur (Coll)<br>3. Ausstellungskonzept (Comp)<br>,fremdes Ausstellungsobjekt dem Ausstellungskonzept hinzufügen,Kunsthalle,System.ISystemAusstellungProvidedRole.fügeFremdesAusstellungsobjektDemAusstellungskonzeptHinzu(),1. READ token: Token<br>2. READ konzept: Ausstellungskonzept<br>3. READ fremdesAusstellungsobjekt: Fremdes Ausstellungsobjekt<br>4. READ inhaltliches: STRING<br>
36,21,Sammlung und Wissenschaft:Kurator,Konzept erstellen,in Literatur nach verwandten Werken recherchieren,1. READ Literatur (Coll)<br>2. READ öffentliche und private Forschungsliteratur (Coll)<br>3. WRITE Ausstellungskonzept (Comp)<br>,1. Literatur (Coll)<br>2. öffentliche und private Forschungsliteratur (Coll)<br>3. Ausstellungskonzept (Comp)<br>,sich im System für die Konzepterweiterung abmelden,Kunsthalle,System.ISystemZugangProvidedRole.abmelden(),READ Token: Token
37,21,Sammlung und Wissenschaft:Kurator,Konzept erstellen,in Literatur nach verwandten Werken recherchieren,1. READ Literatur (Coll)<br>2. READ öffentliche und private Forschungsliteratur (Coll)<br>3. WRITE Ausstellungskonzept (Comp)<br>,1. Literatur (Coll)<br>2. öffentliche und private Forschungsliteratur (Coll)<br>3. Ausstellungskonzept (Comp)<br>,sich im System für die Konzepterweiterung anmelden,Kunsthalle,System.ISystemZugangProvidedRole.anmelden(),1. READ cred: Credentials<br>2. WRITE Token<br>
38,22,Sammlung und Wissenschaft:Kurator,Konzept erstellen,fremde Werke für Ausstellung auswählen,READ/WRITE Ausstellungskonzept (Comp),Ausstellungskonzept (Comp),,,,
39,23,Sammlung und Wissenschaft:Kurator,fremde Werke ausleihen,mündlich fremdes Werk anfragen,1. READ CRM-Eintrag (Comp)<br>2. READ Ausstellungskonzept (Comp)<br>,1. CRM-Eintrag (Comp)<br>2. Ausstellungskonzept (Comp)<br>,Ausstellungskonzept zum Anfragen holen,Kunsthalle,System.ISystemAusstellungProvidedRole.gibAusstellungskonzept(),1. READ token: Token<br>2. READ ausstellungsName: STRING<br>3. WRITE Ausstellungskonzept<br>
40,23,Sammlung und Wissenschaft:Kurator,fremde Werke ausleihen,mündlich fremdes Werk anfragen,1. READ CRM-Eintrag (Comp)<br>2. READ Ausstellungskonzept (Comp)<br>,1. CRM-Eintrag (Comp)<br>2. Ausstellungskonzept (Comp)<br>,Kontakt des Kurators holen,Kunsthalle,System.ISystemCRMProvidedRole.gibEintrag(),1. READ token: Token<br>2. READ name: STRING<br>3. WRITE CRM-Eintrag<br>
41,23,Sammlung und Wissenschaft:Kurator,fremde Werke ausleihen,mündlich fremdes Werk anfragen,1. READ CRM-Eintrag (Comp)<br>2. READ Ausstellungskonzept (Comp)<br>,1. CRM-Eintrag (Comp)<br>2. Ausstellungskonzept (Comp)<br>,sich im System für die mündliche Anfrage abmelden,Kunsthalle,System.ISystemZugangProvidedRole.abmelden(),READ Token: Token
42,23,Sammlung und Wissenschaft:Kurator,fremde Werke ausleihen,mündlich fremdes Werk anfragen,1. READ CRM-Eintrag (Comp)<br>2. READ Ausstellungskonzept (Comp)<br>,1. CRM-Eintrag (Comp)<br>2. Ausstellungskonzept (Comp)<br>,sich im System für die mündliche Anfrage anmelden,Kunsthalle,System.ISystemZugangProvidedRole.anmelden(),1. READ cred: Credentials<br>2. WRITE Token<br>
43,24,Sammlung und Wissenschaft:Kurator,fremde Werke ausleihen,individuelles Leihgesuch schreiben,1. READ Fremdes Ausstellungsobjekt (Comp)<br>2. READ CRM-Eintrag (Comp)<br>3. WRITE Leihgesuch (Comp)<br>,1. Fremdes Ausstellungsobjekt (Comp)<br>2. CRM-Eintrag (Comp)<br>3. Leihgesuch (Comp)<br>,Hole Empfänger für Leihgesuch,Kunsthalle,System.ISystemCRMProvidedRole.gibEintrag(),1. READ token: Token<br>2. READ name: STRING<br>3. WRITE CRM-Eintrag<br>
44,24,Sammlung und Wissenschaft:Kurator,fremde Werke ausleihen,individuelles Leihgesuch schreiben,1. READ Fremdes Ausstellungsobjekt (Comp)<br>2. READ CRM-Eintrag (Comp)<br>3. WRITE Leihgesuch (Comp)<br>,1. Fremdes Ausstellungsobjekt (Comp)<br>2. CRM-Eintrag (Comp)<br>3. Leihgesuch (Comp)<br>,Hole fremdes Ausstellungkonzeptobjekt,Kunsthalle,System.ISystemAusstellungProvidedRole.gibFremdesAusstellungsobjektAusAusstellungskonzept(),1. READ Ausstellungsname: STRING<br>2. READ Ausstellungsobjektname: STRING<br>3. WRITE Ausstellungskonzeptobjekt für fremdes Werk<br>
45,24,Sammlung und Wissenschaft:Kurator,fremde Werke ausleihen,individuelles Leihgesuch schreiben,1. READ Fremdes Ausstellungsobjekt (Comp)<br>2. READ CRM-Eintrag (Comp)<br>3. WRITE Leihgesuch (Comp)<br>,1. Fremdes Ausstellungsobjekt (Comp)<br>2. CRM-Eintrag (Comp)<br>3. Leihgesuch (Comp)<br>,Leihgesuch hinzufügen,Kunsthalle,System.ISystemLeihverkehrProvidedRole.fügeLeihgesuchHinzu(),1. READ token: Token<br>2. READ Empfänger: CRM-Eintrag<br>3. READ Ausstellungskonzeptobjekt für fremdes Werk: Ausstellungskonzeptobjekt für fremdes Werk<br>
46,24,Sammlung und Wissenschaft:Kurator,fremde Werke ausleihen,individuelles Leihgesuch schreiben,1. READ Fremdes Ausstellungsobjekt (Comp)<br>2. READ CRM-Eintrag (Comp)<br>3. WRITE Leihgesuch (Comp)<br>,1. Fremdes Ausstellungsobjekt (Comp)<br>2. CRM-Eintrag (Comp)<br>3. Leihgesuch (Comp)<br>,sich im System für die Leihgesuch-Hinzufügung abmelden,Kunsthalle,System.ISystemZugangProvidedRole.abmelden(),READ Token: Token
47,24,Sammlung und Wissenschaft:Kurator,fremde Werke ausleihen,individuelles Leihgesuch schreiben,1. READ Fremdes Ausstellungsobjekt (Comp)<br>2. READ CRM-Eintrag (Comp)<br>3. WRITE Leihgesuch (Comp)<br>,1. Fremdes Ausstellungsobjekt (Comp)<br>2. CRM-Eintrag (Comp)<br>3. Leihgesuch (Comp)<br>,sich im System für die Leihgesuch-Hinzufügung anmelden,Kunsthalle,System.ISystemZugangProvidedRole.anmelden(),1. READ cred: Credentials<br>2. WRITE Token<br>
48,25,Vorstand:Direktor,fremde Werke ausleihen,Leihgesuch unterschreiben,READ/WRITE Leihgesuch (Comp),Leihgesuch (Comp),,,,
49,26,Vorstand:Direktor,fremde Werke ausleihen,Leihgesuch verschicken,READ Leihgesuch (Comp),Leihgesuch (Comp),,,,
50,27,Vorstand:Direktor,fremde Werke ausleihen,Antwort erhalten,WRITE Bestätigung des Leihgesuchs (Comp),Bestätigung des Leihgesuchs (Comp),Bestätigung des Leihgesuchs speichern,Kunsthalle,System.ISystemLeihverkehrProvidedRole.fügeBestätigungLeihgesuchHinzu(),1. READ Token: Token<br>2. READ bestätigung Leihgesuch: Bestätigung des Leihgesuchs<br>3. WRITE Leihgesuch<br>
51,28,Sammlung und Wissenschaft:Kurator,fremde Werke ausleihen,Bestätigung weiterleiten,READ/WRITE Bestätigung des,Bestätigung des Leihgesuchs (Comp),,,,
52,29,Sammlung und Wissenschaft:Registrar,fremde Werke ausleihen,Leihvertrag verhandeln,1. READ Bestätigung des Leihgesuchs (Comp)<br>2. READ Ausstellungskonzept (Comp)<br>3. WRITE Leihvertrag (Comp)<br>4. WRITE CRM-Eintrag (Comp)<br>,1. Bestätigung des Leihgesuchs (Comp)<br>2. Ausstellungskonzept (Comp)<br>3. Leihvertrag (Comp)<br>4. CRM-Eintrag (Comp)<br>,Ausstellungskonzept für Leihvertragsverhandlung holen,Kunsthalle,System.ISystemAusstellungProvidedRole.gibAusstellungskonzept(),1. READ token: Token<br>2. READ ausstellungsName: STRING<br>3. WRITE Ausstellungskonzept<br>
53,29,Sammlung und Wissenschaft:Registrar,fremde Werke ausleihen,Leihvertrag verhandeln,1. READ Bestätigung des Leihgesuchs (Comp)<br>2. READ Ausstellungskonzept (Comp)<br>3. WRITE Leihvertrag (Comp)<br>4. WRITE CRM-Eintrag (Comp)<br>,1. Bestätigung des Leihgesuchs (Comp)<br>2. Ausstellungskonzept (Comp)<br>3. Leihvertrag (Comp)<br>4. CRM-Eintrag (Comp)<br>,Hole Bestätigung des Leihgesuchs,Kunsthalle,System.ISystemLeihverkehrProvidedRole.gibBestätigungLeihgesuch(),1. READ titel Aussstellungsobjekt: STRING<br>2. WRITE Bestätigung des Leihgesuchs<br>
54,29,Sammlung und Wissenschaft:Registrar,fremde Werke ausleihen,Leihvertrag verhandeln,1. READ Bestätigung des Leihgesuchs (Comp)<br>2. READ Ausstellungskonzept (Comp)<br>3. WRITE Leihvertrag (Comp)<br>4. WRITE CRM-Eintrag (Comp)<br>,1. Bestätigung des Leihgesuchs (Comp)<br>2. Ausstellungskonzept (Comp)<br>3. Leihvertrag (Comp)<br>4. CRM-Eintrag (Comp)<br>,Leihvertrag erstellen,Kunsthalle,System.ISystemLeihverkehrProvidedRole.fügeLeihvertragHinzu(),1. READ token: Token<br>2. READ Leihvertragsinformationen: STRING<br>3. READ Bestätigung Leihgesuch o. Leihanfrage: Allgemeine Leihanfrage<br>
55,29,Sammlung und Wissenschaft:Registrar,fremde Werke ausleihen,Leihvertrag verhandeln,1. READ Bestätigung des Leihgesuchs (Comp)<br>2. READ Ausstellungskonzept (Comp)<br>3. WRITE Leihvertrag (Comp)<br>4. WRITE CRM-Eintrag (Comp)<br>,1. Bestätigung des Leihgesuchs (Comp)<br>2. Ausstellungskonzept (Comp)<br>3. Leihvertrag (Comp)<br>4. CRM-Eintrag (Comp)<br>,sich im System für Verhandlungen abmelden,Kunsthalle,System.ISystemZugangProvidedRole.abmelden(),READ Token: Token
56,29,Sammlung und Wissenschaft:Registrar,fremde Werke ausleihen,Leihvertrag verhandeln,1. READ Bestätigung des Leihgesuchs (Comp)<br>2. READ Ausstellungskonzept (Comp)<br>3. WRITE Leihvertrag (Comp)<br>4. WRITE CRM-Eintrag (Comp)<br>,1. Bestätigung des Leihgesuchs (Comp)<br>2. Ausstellungskonzept (Comp)<br>3. Leihvertrag (Comp)<br>4. CRM-Eintrag (Comp)<br>,sich im System für Verhandlungen anmelden,Kunsthalle,System.ISystemZugangProvidedRole.anmelden(),1. READ cred: Credentials<br>2. WRITE Token<br>
57,30,Sammlung und Wissenschaft:Kurator,fremde Werke ausleihen,Leihvertrag prüfen,READ/WRITE Leihvertrag (Comp),Leihvertrag (Comp),,,,
58,31,Vorstand:Direktor,fremde Werke ausleihen,Leihvertrag unterschreiben,READ/WRITE Leihvertrag (Comp),Leihvertrag (Comp),,,,
59,32,Vorstand:Direktor,fremde Werke ausleihen,Leihvertrag an Museum verschicken,READ/WRITE Leihvertrag (Comp),Leihvertrag (Comp),,,,
60,33,Sammlung und Wissenschaft:Registrar,fremde Werke ausleihen,Leihvertrag archivieren,1. WRITE Leihvertrag (Comp)<br>2. WRITE CRM-Eintrag (Comp)<br>,1. Leihvertrag (Comp)<br>2. CRM-Eintrag (Comp)<br>,Leihvertrag hinzufügen,Kunsthalle,System.ISystemLeihverkehrProvidedRole.fügeLeihvertragHinzu(),1. READ token: Token<br>2. READ Leihvertragsinformationen: STRING<br>3. READ Bestätigung Leihgesuch o. Leihanfrage: Allgemeine Leihanfrage<br>
61,33,Sammlung und Wissenschaft:Registrar,fremde Werke ausleihen,Leihvertrag archivieren,1. WRITE Leihvertrag (Comp)<br>2. WRITE CRM-Eintrag (Comp)<br>,1. Leihvertrag (Comp)<br>2. CRM-Eintrag (Comp)<br>,sich im System für die Leihvertrags-Hinzufügung abmelden,Kunsthalle,System.ISystemZugangProvidedRole.abmelden(),READ Token: Token
62,33,Sammlung und Wissenschaft:Registrar,fremde Werke ausleihen,Leihvertrag archivieren,1. WRITE Leihvertrag (Comp)<br>2. WRITE CRM-Eintrag (Comp)<br>,1. Leihvertrag (Comp)<br>2. CRM-Eintrag (Comp)<br>,sich im System für die Leihvertrags-Hinzufügung anmelden,Kunsthalle,System.ISystemZugangProvidedRole.anmelden(),1. READ cred: Credentials<br>2. WRITE Token<br>
63,34,Sammlung und Wissenschaft:Registrar,fremdes Werk wird angeliefert,Transportunternehmen beauftragen,READ CRM-Eintrag (Comp),CRM-Eintrag (Comp),Kontakt zu Transportunternehmen holen,Kunsthalle,System.ISystemCRMProvidedRole.gibEintrag(),1. READ token: Token<br>2. READ name: STRING<br>3. WRITE CRM-Eintrag<br>
64,34,Sammlung und Wissenschaft:Registrar,fremdes Werk wird angeliefert,Transportunternehmen beauftragen,READ CRM-Eintrag (Comp),CRM-Eintrag (Comp),sich im System für den Transport anmelden,Kunsthalle,System.ISystemZugangProvidedRole.anmelden(),1. READ cred: Credentials<br>2. WRITE Token<br>
65,35,Sammlung und Wissenschaft:Registrar,fremdes Werk wird angeliefert,Liefertermin ausmachen,,,Lieferauftrag verbuchen,Kunsthalle,System.ISystemLeihverkehrProvidedRole.fügeTransportauftragHinzu(),1. READ token: Token<br>2. READ auftrag: Transportauftrag<br>
66,35,Sammlung und Wissenschaft:Registrar,fremdes Werk wird angeliefert,Liefertermin ausmachen,,,sich im System für den Transport abmelden,Kunsthalle,System.ISystemZugangProvidedRole.abmelden(),READ Token: Token
67,36,Zentrale Dienste:Sicherheit,fremdes Werk wird angeliefert,Raum entsichern,,,,,,
68,37,Sammlung und Wissenschaft:Kurator,fremdes Werk wird angeliefert,Anlieferung beaufsichtigen und protokollieren,WRITE Protokoll (Comp),Protokoll (Comp),Protokoll hinzufügen,Kunsthalle,System.ISystemLeihverkehrProvidedRole.fügeProtokollHinzu(),1. READ token: Token<br>2. READ protokoll: Protokoll<br>
69,37,Sammlung und Wissenschaft:Kurator,fremdes Werk wird angeliefert,Anlieferung beaufsichtigen und protokollieren,WRITE Protokoll (Comp),Protokoll (Comp),sich im System für die Protokoll-Hinzufügung abmelden,Kunsthalle,System.ISystemZugangProvidedRole.abmelden(),READ Token: Token
70,37,Sammlung und Wissenschaft:Kurator,fremdes Werk wird angeliefert,Anlieferung beaufsichtigen und protokollieren,WRITE Protokoll (Comp),Protokoll (Comp),sich im System für die Protokoll-Hinzufügung anmelden,Kunsthalle,System.ISystemZugangProvidedRole.anmelden(),1. READ cred: Credentials<br>2. WRITE Token<br>
71,38,Sammlung und Wissenschaft:Restaurator,fremdes Werk wird angeliefert,Kurator bei Anlieferung unterstützen,READ/WRITE Protokoll (Comp),Protokoll (Comp),Protokoll hinzufügen 2,Kunsthalle,System.ISystemLeihverkehrProvidedRole.fügeProtokollHinzu(),1. READ token: Token<br>2. READ protokoll: Protokoll<br>
72,38,Sammlung und Wissenschaft:Restaurator,fremdes Werk wird angeliefert,Kurator bei Anlieferung unterstützen,READ/WRITE Protokoll (Comp),Protokoll (Comp),sich im System für die Protokoll-Hinzufügung abmelden 2,Kunsthalle,System.ISystemZugangProvidedRole.abmelden(),READ Token: Token
73,38,Sammlung und Wissenschaft:Restaurator,fremdes Werk wird angeliefert,Kurator bei Anlieferung unterstützen,READ/WRITE Protokoll (Comp),Protokoll (Comp),sich im System für die Protokoll-Hinzufügung anmelden 2,Kunsthalle,System.ISystemZugangProvidedRole.anmelden(),1. READ cred: Credentials<br>2. WRITE Token<br>
74,39,Zentrale Dienste:Sicherheit,fremdes Werk wird abgeholt,Raum entsichern,,,,,,
75,40,Sammlung und Wissenschaft:Kurator,fremdes Werk wird abgeholt,Abholung beaufsichtigen,,,,,,
76,41,Sammlung und Wissenschaft:Restaurator,fremdes Werk wird abgeholt,Beausichtigung des Einpackens und protokollierung,WRITE Protokoll (Comp),Protokoll (Comp),Protokoll hinzufügen,Kunsthalle,System.ISystemLeihverkehrProvidedRole.fügeProtokollHinzu(),1. READ token: Token<br>2. READ protokoll: Protokoll<br>
77,41,Sammlung und Wissenschaft:Restaurator,fremdes Werk wird abgeholt,Beausichtigung des Einpackens und protokollierung,WRITE Protokoll (Comp),Protokoll (Comp),sich im System für Protokoll-Hinzufügung abmelden,Kunsthalle,System.ISystemZugangProvidedRole.abmelden(),READ Token: Token
78,41,Sammlung und Wissenschaft:Restaurator,fremdes Werk wird abgeholt,Beausichtigung des Einpackens und protokollierung,WRITE Protokoll (Comp),Protokoll (Comp),sich im System für Protokoll-Hinzufügung anmelden,Kunsthalle,System.ISystemZugangProvidedRole.anmelden(),1. READ cred: Credentials<br>2. WRITE Token<br>
79,42,Sammlung und Wissenschaft:Kurator,Leihverkehr für fremde Werke,fremde Werke ausleihen,READ/WRITE Ausstellungskonzept (Comp),Ausstellungskonzept (Comp),,,,
80,43,Sammlung und Wissenschaft:Kurator,Leihverkehr für fremde Werke,fremdes Werk wird angeliefert,,,,,,
81,44,Sammlung und Wissenschaft:Kurator,Leihverkehr für fremde Werke,fremdes Werk wird abgeholt,,,,,,
82,45,Sammlung und Wissenschaft:Kurator,Leihverkehr für eigene Werke,Leihanfrage abwickeln,,,,,,
83,46,Sammlung und Wissenschaft:Kurator,Leihverkehr für eigene Werke,eigenes Werk wird abgeholt,,,,,,
84,47,Sammlung und Wissenschaft:Kurator,Leihverkehr für eigene Werke,eigenes Werk wird zurückgebracht,,,,,,
85,48,Sammlung und Wissenschaft:Kurator,Leihanfrage abwickeln,mündlich Leihanfrage entgegennehmen,READ Ausstellungsobjekte (Coll),Ausstellungsobjekte (Coll),Ausstellungsobjekt holen,Kunsthalle,System.ISystemAllgemeineZugriffeProvidedRole.gibAusstellungsobjekt(),1. READ token: Token<br>2. READ name: STRING<br>3. WRITE öffentlich sichtbares Ausstellungsobjekt<br>
86,48,Sammlung und Wissenschaft:Kurator,Leihanfrage abwickeln,mündlich Leihanfrage entgegennehmen,READ Ausstellungsobjekte (Coll),Ausstellungsobjekte (Coll),sich im System für Objekt-Abruf abmelden,Kunsthalle,System.ISystemZugangProvidedRole.abmelden(),READ Token: Token
87,48,Sammlung und Wissenschaft:Kurator,Leihanfrage abwickeln,mündlich Leihanfrage entgegennehmen,READ Ausstellungsobjekte (Coll),Ausstellungsobjekte (Coll),sich im System für Objekt-Abruf anmelden,Kunsthalle,System.ISystemZugangProvidedRole.anmelden(),1. READ cred: Credentials<br>2. WRITE Token<br>
88,49,Sammlung und Wissenschaft:Restaurator,Leihanfrage abwickeln,Ausstellungsobjekt auf Transportfähigkeit prüfen,READ Ausstellungsobjekte (Coll),Ausstellungsobjekte (Coll),Ausstellungsobjekt für Transport-Prüfung holen,Kunsthalle,System.ISystemAllgemeineZugriffeProvidedRole.gibAusstellungsobjekt(),1. READ token: Token<br>2. READ name: STRING<br>3. WRITE öffentlich sichtbares Ausstellungsobjekt<br>
89,49,Sammlung und Wissenschaft:Restaurator,Leihanfrage abwickeln,Ausstellungsobjekt auf Transportfähigkeit prüfen,READ Ausstellungsobjekte (Coll),Ausstellungsobjekte (Coll),sich im System für Transport-Prüfung abmelden,Kunsthalle,System.ISystemZugangProvidedRole.abmelden(),READ Token: Token
90,49,Sammlung und Wissenschaft:Restaurator,Leihanfrage abwickeln,Ausstellungsobjekt auf Transportfähigkeit prüfen,READ Ausstellungsobjekte (Coll),Ausstellungsobjekte (Coll),sich im System für Transport-Prüfung anmelden,Kunsthalle,System.ISystemZugangProvidedRole.anmelden(),1. READ cred: Credentials<br>2. WRITE Token<br>
91,50,Sammlung und Wissenschaft:Kurator,Leihanfrage abwickeln,Anfrage mündlich bestätigen,,,,,,
92,51,Vorstand:Direktor,Leihanfrage abwickeln,Leihanfrage entgegennehmen,WRITE Leihanfrage (Comp),Leihanfrage (Comp),Leihanfrage hinzufügen,Kunsthalle,System.ISystemLeihverkehrProvidedRole.fügeLeihanfrageHinzu(),1. READ token: Token<br>2. READ anfrage: Leihanfrage<br>
93,51,Vorstand:Direktor,Leihanfrage abwickeln,Leihanfrage entgegennehmen,WRITE Leihanfrage (Comp),Leihanfrage (Comp),sich im System für Leihanfragen-Hinzufügung abmelden,Kunsthalle,System.ISystemZugangProvidedRole.abmelden(),READ Token: Token
94,51,Vorstand:Direktor,Leihanfrage abwickeln,Leihanfrage entgegennehmen,WRITE Leihanfrage (Comp),Leihanfrage (Comp),sich im System für Leihanfragen-Hinzufügung anmelden,Kunsthalle,System.ISystemZugangProvidedRole.anmelden(),1. READ cred: Credentials<br>2. WRITE Token<br>
95,52,Ausschuss:Leihkommission,Leihanfrage abwickeln,über Leihanfrage entscheiden,READ Leihanfrage (Comp),Leihanfrage (Comp),,,,
96,53,Sammlung und Wissenschaft:Kurator,Leihanfrage abwickeln,Bestätigung schreiben,1. READ CRM-Eintrag (Comp)<br>2. WRITE Bestätigung Leihanfrage (Comp)<br>,1. CRM-Eintrag (Comp)<br>2. Bestätigung Leihanfrage (Comp)<br>,Bestätigung der Leihanfrage hinzufügen,Kunsthalle,System.ISystemLeihverkehrProvidedRole.fügeBestätigungLeihanfrageHinzu(),1. READ token: Token<br>2. READ bestätigung Leihanfrage: Bestätigung Leihanfrage<br>
97,53,Sammlung und Wissenschaft:Kurator,Leihanfrage abwickeln,Bestätigung schreiben,1. READ CRM-Eintrag (Comp)<br>2. WRITE Bestätigung Leihanfrage (Comp)<br>,1. CRM-Eintrag (Comp)<br>2. Bestätigung Leihanfrage (Comp)<br>,CRM-Eintrag für die Bestätigung holen,Kunsthalle,System.ISystemCRMProvidedRole.gibEintrag(),1. READ token: Token<br>2. READ name: STRING<br>3. WRITE CRM-Eintrag<br>
98,53,Sammlung und Wissenschaft:Kurator,Leihanfrage abwickeln,Bestätigung schreiben,1. READ CRM-Eintrag (Comp)<br>2. WRITE Bestätigung Leihanfrage (Comp)<br>,1. CRM-Eintrag (Comp)<br>2. Bestätigung Leihanfrage (Comp)<br>,sich im System für die Bestätigungs-Hinzufügung abmelden,Kunsthalle,System.ISystemZugangProvidedRole.abmelden(),READ Token: Token
99,53,Sammlung und Wissenschaft:Kurator,Leihanfrage abwickeln,Bestätigung schreiben,1. READ CRM-Eintrag (Comp)<br>2. WRITE Bestätigung Leihanfrage (Comp)<br>,1. CRM-Eintrag (Comp)<br>2. Bestätigung Leihanfrage (Comp)<br>,sich im System für die Bestätigungs-Hinzufügung anmelden,Kunsthalle,System.ISystemZugangProvidedRole.anmelden(),1. READ cred: Credentials<br>2. WRITE Token<br>
100,54,Vorstand:Direktor,Leihanfrage abwickeln,Bestätigung unterschreiben,READ/WRITE Bestätigung Leihanfrage,Bestätigung Leihanfrage (Comp),,,,
101,55,Vorstand:Direktor,Leihanfrage abwickeln,Bestätigung verschicken,READ Bestätigung Leihanfrage (Comp),Bestätigung Leihanfrage (Comp),,,,
102,56,Sammlung und Wissenschaft:Registrar,Leihanfrage abwickeln,Leihvertrag verhandeln,WRITE Leihvertrag (Comp),Leihvertrag (Comp),Ausstellungsobjekt für Vertragsverhandlungen holen,Kunsthalle,System.ISystemAllgemeineZugriffeProvidedRole.gibAusstellungsobjekt(),1. READ token: Token<br>2. READ name: STRING<br>3. WRITE öffentlich sichtbares Ausstellungsobjekt<br>
103,56,Sammlung und Wissenschaft:Registrar,Leihanfrage abwickeln,Leihvertrag verhandeln,WRITE Leihvertrag (Comp),Leihvertrag (Comp),sich im System für Vertragsverhandlungen abmelden,Kunsthalle,System.ISystemZugangProvidedRole.abmelden(),READ Token: Token
104,56,Sammlung und Wissenschaft:Registrar,Leihanfrage abwickeln,Leihvertrag verhandeln,WRITE Leihvertrag (Comp),Leihvertrag (Comp),sich im System für Vertragsverhandlungen anmelden,Kunsthalle,System.ISystemZugangProvidedRole.anmelden(),1. READ cred: Credentials<br>2. WRITE Token<br>
105,57,Sammlung und Wissenschaft:Kurator,Leihanfrage abwickeln,Leihvertrag prüfen,READ/WRITE Leihvertrag (Comp),Leihvertrag (Comp),,,,
106,58,Vorstand:Direktor,Leihanfrage abwickeln,Leihvertrag zustimmen,READ/WRITE Leihvertrag (Comp),Leihvertrag (Comp),,,,
107,59,Vorstand:Direktor,Leihanfrage abwickeln,Leihvertrag unterschreiben,READ/WRITE Leihvertrag (Comp),Leihvertrag (Comp),Leihvertrag hinzufügen,Kunsthalle,System.ISystemLeihverkehrProvidedRole.fügeLeihvertragHinzu(),1. READ token: Token<br>2. READ Leihvertragsinformationen: STRING<br>3. READ Bestätigung Leihgesuch o. Leihanfrage: Allgemeine Leihanfrage<br>
108,59,Vorstand:Direktor,Leihanfrage abwickeln,Leihvertrag unterschreiben,READ/WRITE Leihvertrag (Comp),Leihvertrag (Comp),sich im System für die Vertrags-Hinzufügung abmelden,Kunsthalle,System.ISystemZugangProvidedRole.abmelden(),READ Token: Token
109,59,Vorstand:Direktor,Leihanfrage abwickeln,Leihvertrag unterschreiben,READ/WRITE Leihvertrag (Comp),Leihvertrag (Comp),sich im System für die Vertrags-Hinzufügung anmelden,Kunsthalle,System.ISystemZugangProvidedRole.anmelden(),1. READ cred: Credentials<br>2. WRITE Token<br>
110,60,Sammlung und Wissenschaft:Kurator,Leihanfrage abwickeln,Ablehnung schreiben,1. READ CRM-Eintrag (Comp)<br>2. WRITE Ablehnung Leihanfrage (Comp)<br>,1. CRM-Eintrag (Comp)<br>2. Ablehnung Leihanfrage (Comp)<br>,Ablehnung der Leihanfrage hinzufügen,Kunsthalle,System.ISystemLeihverkehrProvidedRole.fügeAblehnungLeihanfrageHinzu(),1. READ token: Token<br>2. READ ablehnung: Ablehnung Leihanfrage<br>
111,60,Sammlung und Wissenschaft:Kurator,Leihanfrage abwickeln,Ablehnung schreiben,1. READ CRM-Eintrag (Comp)<br>2. WRITE Ablehnung Leihanfrage (Comp)<br>,1. CRM-Eintrag (Comp)<br>2. Ablehnung Leihanfrage (Comp)<br>,CRM-Eintrag für Ablehnung holen,Kunsthalle,System.ISystemCRMProvidedRole.gibEintrag(),1. READ token: Token<br>2. READ name: STRING<br>3. WRITE CRM-Eintrag<br>
112,60,Sammlung und Wissenschaft:Kurator,Leihanfrage abwickeln,Ablehnung schreiben,1. READ CRM-Eintrag (Comp)<br>2. WRITE Ablehnung Leihanfrage (Comp)<br>,1. CRM-Eintrag (Comp)<br>2. Ablehnung Leihanfrage (Comp)<br>,sich im System für die Ablehnungs-Hinzufügung abmelden,Kunsthalle,System.ISystemZugangProvidedRole.abmelden(),READ Token: Token
113,60,Sammlung und Wissenschaft:Kurator,Leihanfrage abwickeln,Ablehnung schreiben,1. READ CRM-Eintrag (Comp)<br>2. WRITE Ablehnung Leihanfrage (Comp)<br>,1. CRM-Eintrag (Comp)<br>2. Ablehnung Leihanfrage (Comp)<br>,sich im System für die Ablehnungs-Hinzufügung anmelden,Kunsthalle,System.ISystemZugangProvidedRole.anmelden(),1. READ cred: Credentials<br>2. WRITE Token<br>
114,61,Vorstand:Direktor,Leihanfrage abwickeln,Ablehnung unterschreiben,READ/WRITE Ablehnung Leihanfrage,Ablehnung Leihanfrage (Comp),,,,
115,62,Vorstand:Direktor,Leihanfrage abwickeln,Ablehnung verschicken,READ Ablehnung Leihanfrage (Comp),Ablehnung Leihanfrage (Comp),,,,
116,63,Sammlung und Wissenschaft:Registrar,eigenes Werk wird abgeholt,Termin ausmachen,,,,,,
117,64,Sammlung und Wissenschaft:Restaurator,eigenes Werk wird abgeholt,Termin bestätigen (Restaurator),,,,,,
118,65,Sammlung und Wissenschaft:Depotmeister,eigenes Werk wird abgeholt,Termin bestätigen (Depotmeister),,,,,,
119,66,Zentrale Dienste:Sicherheit,eigenes Werk wird abgeholt,Termin bestätigen (Sicherheit),,,,,,
120,67,Sammlung und Wissenschaft:Registrar,eigenes Werk wird abgeholt,Termin an Museum bestätigen (Registrar),READ CRM-Eintrag (Comp),CRM-Eintrag (Comp),CRM-Eintrag für Transportunternehmen holen,Kunsthalle,System.ISystemCRMProvidedRole.gibEintrag(),1. READ token: Token<br>2. READ name: STRING<br>3. WRITE CRM-Eintrag<br>
121,67,Sammlung und Wissenschaft:Registrar,eigenes Werk wird abgeholt,Termin an Museum bestätigen (Registrar),READ CRM-Eintrag (Comp),CRM-Eintrag (Comp),Termin für Abholung eintragen,Kunsthalle,System.ISystemLeihverkehrProvidedRole.fügeTransportauftragHinzu(),1. READ token: Token<br>2. READ auftrag: Transportauftrag<br>
122,67,Sammlung und Wissenschaft:Registrar,eigenes Werk wird abgeholt,Termin an Museum bestätigen (Registrar),READ CRM-Eintrag (Comp),CRM-Eintrag (Comp),sich im System für Terminbestätigung abmelden,Kunsthalle,System.ISystemZugangProvidedRole.abmelden(),READ Token: Token
123,67,Sammlung und Wissenschaft:Registrar,eigenes Werk wird abgeholt,Termin an Museum bestätigen (Registrar),READ CRM-Eintrag (Comp),CRM-Eintrag (Comp),sich im System für Terminbestätigung anmelden,Kunsthalle,System.ISystemZugangProvidedRole.anmelden(),1. READ cred: Credentials<br>2. WRITE Token<br>
124,68,Sammlung und Wissenschaft:Restaurator,eigenes Werk wird abgeholt,Werk vorbereiten,,,,,,
125,69,Zentrale Dienste:Sicherheit,eigenes Werk wird abgeholt,Raum entsichern,,,,,,
126,70,Sammlung und Wissenschaft:Restaurator,eigenes Werk wird abgeholt,Einpacken beaufsichtigen und protokollieren,WRITE Protokoll (Comp),Protokoll (Comp),Protokoll hinzufügen,Kunsthalle,System.ISystemLeihverkehrProvidedRole.fügeProtokollHinzu(),1. READ token: Token<br>2. READ protokoll: Protokoll<br>
127,70,Sammlung und Wissenschaft:Restaurator,eigenes Werk wird abgeholt,Einpacken beaufsichtigen und protokollieren,WRITE Protokoll (Comp),Protokoll (Comp),sich im System für die Protokoll-Hinzufügung abmelden,Kunsthalle,System.ISystemZugangProvidedRole.abmelden(),READ Token: Token
128,70,Sammlung und Wissenschaft:Restaurator,eigenes Werk wird abgeholt,Einpacken beaufsichtigen und protokollieren,WRITE Protokoll (Comp),Protokoll (Comp),sich im System für die Protokoll-Hinzufügung anmelden,Kunsthalle,System.ISystemZugangProvidedRole.anmelden(),1. READ cred: Credentials<br>2. WRITE Token<br>
129,71,Sammlung und Wissenschaft:Depotmeister,eigenes Werk wird abgeholt,Restaurierung beim Einpacken unterstützen,READ/WRITE Protokoll (Comp),Protokoll (Comp),Protokoll hinzufügen 2,Kunsthalle,System.ISystemLeihverkehrProvidedRole.fügeProtokollHinzu(),1. READ token: Token<br>2. READ protokoll: Protokoll<br>
130,71,Sammlung und Wissenschaft:Depotmeister,eigenes Werk wird abgeholt,Restaurierung beim Einpacken unterstützen,READ/WRITE Protokoll (Comp),Protokoll (Comp),sich im System für die Protokoll-Hinzufügung und Zustandsaktualisierung anmelden,Kunsthalle,System.ISystemZugangProvidedRole.anmelden(),1. READ cred: Credentials<br>2. WRITE Token<br>
131,72,Sammlung und Wissenschaft:Restaurator,eigenes Werk wird abgeholt,Verladen beaufsichtigen,,,,,,
132,73,Sammlung und Wissenschaft:Depotmeister,eigenes Werk wird abgeholt,Restaurierung beim Verladen unterstützen,,,,,,
133,74,Sammlung und Wissenschaft:Depotmeister,eigenes Werk wird abgeholt,verliehenen Zustand vermerken,WRITE Standortdaten (Coll),Standortdaten (Coll),Zustand aktualisieren,Kunsthalle,System.ISystemAllgemeineZugriffeProvidedRole.aktualisiereStandort(),1. READ token: Token<br>2. READ standort: Standort<br>
134,74,Sammlung und Wissenschaft:Depotmeister,eigenes Werk wird abgeholt,verliehenen Zustand vermerken,WRITE Standortdaten (Coll),Standortdaten (Coll),aktuellen Zustand holen,Kunsthalle,System.ISystemAllgemeineZugriffeProvidedRole.gibAusstellungsobjektMitStandort(),1. READ token: Token<br>2. READ name: STRING<br>3. WRITE AusstellungsobjektMitStandort<br>
135,74,Sammlung und Wissenschaft:Depotmeister,eigenes Werk wird abgeholt,verliehenen Zustand vermerken,WRITE Standortdaten (Coll),Standortdaten (Coll),sich im System für die Protokoll-Hinzufügung und Zustandsaktualisierung abmelden,Kunsthalle,System.ISystemZugangProvidedRole.abmelden(),READ Token: Token
136,75,Sammlung und Wissenschaft:Kurier,eigenes Werk wird abgeholt,Begleitung des Transports,,,,,,
