Id,Role,Process,BusinessActivity,BusinessPermission,ISDataType,ISActivity,System,ServiceCall,ISPermission
1,Sammlund und Wissenschaft:Restaurator,eigenes Werk wird zurückgebracht,Auspacken beaufsichtigen und protokollieren,WRITE Protokoll (Comp),Protokoll (Comp),Protokoll hinzufügen,Kunsthalle,System.ISystemLeihverkehrProvidedRole.fügeProtokollHinzu(),1. READ token: Token<br>2. READ protokoll: Protokoll<br>
1,Sammlund und Wissenschaft:Restaurator,eigenes Werk wird zurückgebracht,Auspacken beaufsichtigen und protokollieren,WRITE Protokoll (Comp),Protokoll (Comp),sich im System für Zustandsaktualisierung anmelden,Kunsthalle,System.ISystemZugangProvidedRole.anmelden(),1. READ cred: Credentials<br>2. WRITE Token<br>
2,Sammlung und Wissenschaft:Depotmeister,eigenes Werk wird zurückgebracht, Auspacken beaufsichtigen und Protokoll ergänzen,READ/WRITE Protokoll (Comp),Protokoll (Comp),Protokoll hinzufügen 2,Kunsthalle,System.ISystemLeihverkehrProvidedRole.fügeProtokollHinzu(),1. READ token: Token<br>2. READ protokoll: Protokoll<br>
2,Sammlung und Wissenschaft:Depotmeister,eigenes Werk wird zurückgebracht, Auspacken beaufsichtigen und Protokoll ergänzen,READ/WRITE Protokoll (Comp),Protokoll (Comp),sich im System für Zustandsaktualisierung anmelden 2,Kunsthalle,System.ISystemZugangProvidedRole.anmelden(),1. READ cred: Credentials<br>2. WRITE Token<br>
3,Sammlung und Wissenschaft:Depotmeister,eigenes Werk wird zurückgebracht,Zustand vermerken,WRITE Standortdaten (Coll),Standortdaten (Coll),Zustand aktualisieren,Kunsthalle,System.ISystemAllgemeineZugriffeProvidedRole.aktualisiereStandort(),1. READ token: Token<br>2. READ standort: Standort<br>
3,Sammlung und Wissenschaft:Depotmeister,eigenes Werk wird zurückgebracht,Zustand vermerken,WRITE Standortdaten (Coll),Standortdaten (Coll),aktuellen Zustand holen,Kunsthalle,System.ISystemAllgemeineZugriffeProvidedRole.gibAusstellungsobjektMitStandort(),1. READ token: Token<br>2. READ name: STRING<br>3. WRITE AusstellungsobjektMitStandort<br>
3,Sammlung und Wissenschaft:Depotmeister,eigenes Werk wird zurückgebracht,Zustand vermerken,WRITE Standortdaten (Coll),Standortdaten (Coll),sich im System für Zustandsaktualisierung abmelden,Kunsthalle,System.ISystemZugangProvidedRole.abmelden(),READ Token: Token
4,Sammlund und Wissenschaft:Restaurator,eigenes Werk wird zurückgebracht,Werk begutachten,,,,,,
5,Sammlund und Wissenschaft:Restaurator,eigenes Werk wird zurückgebracht,Werkarbeiten durchführen,,,,,,
6,Sammlund und Wissenschaft:Restaurator,eigenes Werk wird zurückgebracht,Werk an vorgesehenen Ort transportieren,,,,,,
7,Ausschuss:Wissenschaftsversammlung,Konzeption neuer Ausstellung,Ausstellung beschließen,,,,,,
8,Sammlung und Wissenschaft:Kurator,Konzeption neuer Ausstellung,Konzept erstellen,WRITE Ausstellungskonzept (Comp),Ausstellungskonzept (Comp),,,,
9,Sammlung und Wissenschaft:Kurator,Konzeption neuer Ausstellung,Budget verhandeln,1. READ Ausstellungskonzept (Comp)<br>2. WRITE Kosten- und Finanzierungsplan (Comp)<br>,1. Ausstellungskonzept (Comp)<br>2. Kosten- und Finanzierungsplan (Comp)<br>,,,,
10,Vorstand:Direktor,Konzeption neuer Ausstellung,Budget absegnen,READ Kosten- und Finanzierungsplan (Comp),Kosten- und Finanzierungsplan (Comp),,,,
11,Vorstand:Kaufmännische Geschäftsführer,Konzeption neuer Ausstellung,Budget absegnen durch Geschäftsführer,READ Kosten- und Finanzierungsplan (Comp),Kosten- und Finanzierungsplan (Comp),,,,
12,Sammlung und Wissenschaft:Kurator,Konzeption neuer Ausstellung,über Budgets benachrichtigen,READ Kosten- und Finanzierungsplan (Comp),Kosten- und Finanzierungsplan (Comp),Budget eintragen,Kunsthalle,System.ISystemAusstellungProvidedRole.fügeKostenUndFinanzierungsplanHinzu(),1. READ token: Token<br>2. READ plan: Kosten- und Finanzierungsplan<br>
12,Sammlung und Wissenschaft:Kurator,Konzeption neuer Ausstellung,über Budgets benachrichtigen,READ Kosten- und Finanzierungsplan (Comp),Kosten- und Finanzierungsplan (Comp),sich im System abmelden,Kunsthalle,System.ISystemZugangProvidedRole.abmelden(),READ Token: Token
12,Sammlung und Wissenschaft:Kurator,Konzeption neuer Ausstellung,über Budgets benachrichtigen,READ Kosten- und Finanzierungsplan (Comp),Kosten- und Finanzierungsplan (Comp),sich im System anmelden,Kunsthalle,System.ISystemZugangProvidedRole.anmelden(),1. READ cred: Credentials<br>2. WRITE Token<br>
13,Sammlung und Wissenschaft:Kurator,Konzeption neuer Ausstellung,fremde Werke ausleihen,READ/WRITE Ausstellungskonzept (Comp),Ausstellungskonzept (Comp),,,,
14,Sammlung und Wissenschaft:Kurator,Konzeption neuer Ausstellung,Katalog erarbeiten,READ Ausstellungskonzept (Comp),Ausstellungskonzept (Comp),,,,
15,Kommunikation:Kommunikation,Konzeption neuer Ausstellung,digitale Produkte erstellen,READ Ausstellungskonzept (Comp),Ausstellungskonzept (Comp),,,,
16,Sammlung und Wissenschaft:Kunstvermittler,Konzeption neuer Ausstellung,Vermittlungsangebot erstellen,READ Ausstellungskonzept (Comp),Ausstellungskonzept (Comp),,,,
17,Kommunikation:Kommunikation,Konzeption neuer Ausstellung,Marketingstrategie vorbereiten,READ Ausstellungskonzept (Comp),Ausstellungskonzept (Comp),,,,
18,Sammlung und Wissenschaft:Registrar,Konzeption neuer Ausstellung,fremdes Werk wird angeliefert,,,,,,
19,Sammlung und Wissenschaft:Kurator,Konzept erstellen,eigene Ausstellungsobjekte für Ausstellung auswählen,1. READ Ausstellungsobjekte (Coll)<br>2. READ Literatur (Coll)<br>3. READ Standortdaten (Coll)<br>4. WRITE Ausstellungskonzept (Comp)<br>,1. Ausstellungsobjekte (Coll)<br>2. Literatur (Coll)<br>3. Standortdaten (Coll)<br>4. Ausstellungskonzept (Comp)<br>,Ausstellungskonzept anlegen,Kunsthalle,System.ISystemAusstellungProvidedRole.erstelleAusstellungskonzept(),1. READ token: Token<br>2. WRITE Ausstellungskonzept<br>
19,Sammlung und Wissenschaft:Kurator,Konzept erstellen,eigene Ausstellungsobjekte für Ausstellung auswählen,1. READ Ausstellungsobjekte (Coll)<br>2. READ Literatur (Coll)<br>3. READ Standortdaten (Coll)<br>4. WRITE Ausstellungskonzept (Comp)<br>,1. Ausstellungsobjekte (Coll)<br>2. Literatur (Coll)<br>3. Standortdaten (Coll)<br>4. Ausstellungskonzept (Comp)<br>,Ausstellungsobjekte mit deren Standort holen,Kunsthalle,System.ISystemAllgemeineZugriffeProvidedRole.gibAusstellungsobjekteMitStandort(),1. READ token: Token<br>2. WRITE AusstellungsobjekteMitStandort<br>
19,Sammlung und Wissenschaft:Kurator,Konzept erstellen,eigene Ausstellungsobjekte für Ausstellung auswählen,1. READ Ausstellungsobjekte (Coll)<br>2. READ Literatur (Coll)<br>3. READ Standortdaten (Coll)<br>4. WRITE Ausstellungskonzept (Comp)<br>,1. Ausstellungsobjekte (Coll)<br>2. Literatur (Coll)<br>3. Standortdaten (Coll)<br>4. Ausstellungskonzept (Comp)<br>,Literatur holen,Kunsthalle,System.ISystemAllgemeineZugriffeProvidedRole.gibLiteratur(),1. READ token: Token<br>2. WRITE Literatur<br>
19,Sammlung und Wissenschaft:Kurator,Konzept erstellen,eigene Ausstellungsobjekte für Ausstellung auswählen,1. READ Ausstellungsobjekte (Coll)<br>2. READ Literatur (Coll)<br>3. READ Standortdaten (Coll)<br>4. WRITE Ausstellungskonzept (Comp)<br>,1. Ausstellungsobjekte (Coll)<br>2. Literatur (Coll)<br>3. Standortdaten (Coll)<br>4. Ausstellungskonzept (Comp)<br>,eigenes Ausstellungsobjekt dem Ausstellungskonzept hinzufügen,Kunsthalle,System.ISystemAusstellungProvidedRole.fügeEigenesAusstellungsobjektDemAusstellungskonzeptHinzu(),1. READ token: Token<br>2. READ konzept: Ausstellungskonzept<br>3. READ eigenesAusstellungsobjekt: Ausstellungsobjekt<br>4. READ Restaurorische Maßnahmen erforderlich?: BOOL<br>5. READ inhaltliches: STRING<br>
19,Sammlung und Wissenschaft:Kurator,Konzept erstellen,eigene Ausstellungsobjekte für Ausstellung auswählen,1. READ Ausstellungsobjekte (Coll)<br>2. READ Literatur (Coll)<br>3. READ Standortdaten (Coll)<br>4. WRITE Ausstellungskonzept (Comp)<br>,1. Ausstellungsobjekte (Coll)<br>2. Literatur (Coll)<br>3. Standortdaten (Coll)<br>4. Ausstellungskonzept (Comp)<br>,sich im System für die Konzepterstellung abmelden,Kunsthalle,System.ISystemZugangProvidedRole.abmelden(),READ Token: Token
19,Sammlung und Wissenschaft:Kurator,Konzept erstellen,eigene Ausstellungsobjekte für Ausstellung auswählen,1. READ Ausstellungsobjekte (Coll)<br>2. READ Literatur (Coll)<br>3. READ Standortdaten (Coll)<br>4. WRITE Ausstellungskonzept (Comp)<br>,1. Ausstellungsobjekte (Coll)<br>2. Literatur (Coll)<br>3. Standortdaten (Coll)<br>4. Ausstellungskonzept (Comp)<br>,sich im System für die Konzepterstellung anmelden,Kunsthalle,System.ISystemZugangProvidedRole.anmelden(),1. READ cred: Credentials<br>2. WRITE Token<br>
20,Sammlung und Wissenschaft:Restaurator,Konzept erstellen,über Ausstellfähigkeit der eigenen Werke entscheiden,READ/WRITE Ausstellungskonzept (Comp),Ausstellungskonzept (Comp),Ausstellungskonzept holen,Kunsthalle,System.ISystemAusstellungProvidedRole.gibAusstellungskonzept(),1. READ token: Token<br>2. READ ausstellungsName: STRING<br>3. WRITE Ausstellungskonzept<br>
20,Sammlung und Wissenschaft:Restaurator,Konzept erstellen,über Ausstellfähigkeit der eigenen Werke entscheiden,READ/WRITE Ausstellungskonzept (Comp),Ausstellungskonzept (Comp),Ausstellungsobjekt entfernen,Kunsthalle,System.ISystemAusstellungProvidedRole.entferneAusstellungsobjektAusAusstellungskonzept(),1. READ token: Token<br>2. READ konzept: Ausstellungskonzept<br>3. READ ausstellungsobjekt: öffentlich sichtbares Ausstellungsobjekt<br>
20,Sammlung und Wissenschaft:Restaurator,Konzept erstellen,über Ausstellfähigkeit der eigenen Werke entscheiden,READ/WRITE Ausstellungskonzept (Comp),Ausstellungskonzept (Comp),sich im System für die Ausstell-Entscheidung abmelden,Kunsthalle,System.ISystemZugangProvidedRole.abmelden(),READ Token: Token
20,Sammlung und Wissenschaft:Restaurator,Konzept erstellen,über Ausstellfähigkeit der eigenen Werke entscheiden,READ/WRITE Ausstellungskonzept (Comp),Ausstellungskonzept (Comp),sich im System für die Ausstell-Entscheidung anmelden,Kunsthalle,System.ISystemZugangProvidedRole.anmelden(),1. READ cred: Credentials<br>2. WRITE Token<br>
21,Sammlung und Wissenschaft:Kurator,Konzept erstellen,in Literatur nach verwandten Werken recherchieren,1. READ Literatur (Coll)<br>2. READ öffentliche und private Forschungsliteratur (Coll)<br>3. WRITE Ausstellungskonzept (Comp)<br>,1. Literatur (Coll)<br>2. öffentliche und private Forschungsliteratur (Coll)<br>3. Ausstellungskonzept (Comp)<br>,fremdes Ausstellungsobjekt dem Ausstellungskonzept hinzufügen,Kunsthalle,System.ISystemAusstellungProvidedRole.fügeFremdesAusstellungsobjektDemAusstellungskonzeptHinzu(),1. READ token: Token<br>2. READ konzept: Ausstellungskonzept<br>3. READ fremdesAusstellungsobjekt: Fremdes Ausstellungsobjekt<br>4. READ inhaltliches: STRING<br>
21,Sammlung und Wissenschaft:Kurator,Konzept erstellen,in Literatur nach verwandten Werken recherchieren,1. READ Literatur (Coll)<br>2. READ öffentliche und private Forschungsliteratur (Coll)<br>3. WRITE Ausstellungskonzept (Comp)<br>,1. Literatur (Coll)<br>2. öffentliche und private Forschungsliteratur (Coll)<br>3. Ausstellungskonzept (Comp)<br>,sich im System für die Konzepterweiterung abmelden,Kunsthalle,System.ISystemZugangProvidedRole.abmelden(),READ Token: Token
21,Sammlung und Wissenschaft:Kurator,Konzept erstellen,in Literatur nach verwandten Werken recherchieren,1. READ Literatur (Coll)<br>2. READ öffentliche und private Forschungsliteratur (Coll)<br>3. WRITE Ausstellungskonzept (Comp)<br>,1. Literatur (Coll)<br>2. öffentliche und private Forschungsliteratur (Coll)<br>3. Ausstellungskonzept (Comp)<br>,sich im System für die Konzepterweiterung anmelden,Kunsthalle,System.ISystemZugangProvidedRole.anmelden(),1. READ cred: Credentials<br>2. WRITE Token<br>
22,Sammlung und Wissenschaft:Kurator,Konzept erstellen,fremde Werke für Ausstellung auswählen,READ/WRITE Ausstellungskonzept (Comp),Ausstellungskonzept (Comp),,,,
23,Sammlung und Wissenschaft:Kurator,fremde Werke ausleihen,mündlich fremdes Werk anfragen,1. READ CRM-Eintrag (Comp)<br>2. READ Ausstellungskonzept (Comp)<br>,1. CRM-Eintrag (Comp)<br>2. Ausstellungskonzept (Comp)<br>,Ausstellungskonzept zum Anfragen holen,Kunsthalle,System.ISystemAusstellungProvidedRole.gibAusstellungskonzept(),1. READ token: Token<br>2. READ ausstellungsName: STRING<br>3. WRITE Ausstellungskonzept<br>
23,Sammlung und Wissenschaft:Kurator,fremde Werke ausleihen,mündlich fremdes Werk anfragen,1. READ CRM-Eintrag (Comp)<br>2. READ Ausstellungskonzept (Comp)<br>,1. CRM-Eintrag (Comp)<br>2. Ausstellungskonzept (Comp)<br>,Kontakt des Kurators holen,Kunsthalle,System.ISystemCRMProvidedRole.gibEintrag(),1. READ token: Token<br>2. READ name: STRING<br>3. WRITE CRM-Eintrag<br>
23,Sammlung und Wissenschaft:Kurator,fremde Werke ausleihen,mündlich fremdes Werk anfragen,1. READ CRM-Eintrag (Comp)<br>2. READ Ausstellungskonzept (Comp)<br>,1. CRM-Eintrag (Comp)<br>2. Ausstellungskonzept (Comp)<br>,sich im System für die mündliche Anfrage abmelden,Kunsthalle,System.ISystemZugangProvidedRole.abmelden(),READ Token: Token
23,Sammlung und Wissenschaft:Kurator,fremde Werke ausleihen,mündlich fremdes Werk anfragen,1. READ CRM-Eintrag (Comp)<br>2. READ Ausstellungskonzept (Comp)<br>,1. CRM-Eintrag (Comp)<br>2. Ausstellungskonzept (Comp)<br>,sich im System für die mündliche Anfrage anmelden,Kunsthalle,System.ISystemZugangProvidedRole.anmelden(),1. READ cred: Credentials<br>2. WRITE Token<br>
24,Sammlung und Wissenschaft:Kurator,fremde Werke ausleihen,individuelles Leihgesuch schreiben,1. READ Fremdes Ausstellungsobjekt (Comp)<br>2. WRITE Leihgesuch (Comp)<br>,1. Fremdes Ausstellungsobjekt (Comp)<br>2. Leihgesuch (Comp)<br>,Hole Empfänger für Leihgesuch,Kunsthalle,System.ISystemCRMProvidedRole.gibEintrag(),1. READ token: Token<br>2. READ name: STRING<br>3. WRITE CRM-Eintrag<br>
24,Sammlung und Wissenschaft:Kurator,fremde Werke ausleihen,individuelles Leihgesuch schreiben,1. READ Fremdes Ausstellungsobjekt (Comp)<br>2. WRITE Leihgesuch (Comp)<br>,1. Fremdes Ausstellungsobjekt (Comp)<br>2. Leihgesuch (Comp)<br>,Hole fremdes Ausstellungkonzeptobjekt,Kunsthalle,System.ISystemAusstellungProvidedRole.gibFremdesAusstellungsobjektAusAusstellungskonzept(),1. READ Ausstellungsname: STRING<br>2. READ Ausstellungsobjektname: STRING<br>3. WRITE Ausstellungskonzeptobjekt für fremdes Werk<br>
24,Sammlung und Wissenschaft:Kurator,fremde Werke ausleihen,individuelles Leihgesuch schreiben,1. READ Fremdes Ausstellungsobjekt (Comp)<br>2. WRITE Leihgesuch (Comp)<br>,1. Fremdes Ausstellungsobjekt (Comp)<br>2. Leihgesuch (Comp)<br>,Leihgesuch hinzufügen,Kunsthalle,System.ISystemLeihverkehrProvidedRole.fügeLeihgesuchHinzu(),1. READ token: Token<br>2. READ Empfänger: CRM-Eintrag<br>3. READ Ausstellungskonzeptobjekt für fremdes Werk: Ausstellungskonzeptobjekt für fremdes Werk<br>
24,Sammlung und Wissenschaft:Kurator,fremde Werke ausleihen,individuelles Leihgesuch schreiben,1. READ Fremdes Ausstellungsobjekt (Comp)<br>2. WRITE Leihgesuch (Comp)<br>,1. Fremdes Ausstellungsobjekt (Comp)<br>2. Leihgesuch (Comp)<br>,sich im System für die Leihgesuch-Hinzufügung abmelden,Kunsthalle,System.ISystemZugangProvidedRole.abmelden(),READ Token: Token
24,Sammlung und Wissenschaft:Kurator,fremde Werke ausleihen,individuelles Leihgesuch schreiben,1. READ Fremdes Ausstellungsobjekt (Comp)<br>2. WRITE Leihgesuch (Comp)<br>,1. Fremdes Ausstellungsobjekt (Comp)<br>2. Leihgesuch (Comp)<br>,sich im System für die Leihgesuch-Hinzufügung anmelden,Kunsthalle,System.ISystemZugangProvidedRole.anmelden(),1. READ cred: Credentials<br>2. WRITE Token<br>
25,Vorstand:Direktor,fremde Werke ausleihen,Leihgesuch unterschreiben,READ/WRITE Leihgesuch (Comp),Leihgesuch (Comp),,,,
26,Vorstand:Direktor,fremde Werke ausleihen,Leihgesuch verschicken,READ Leihgesuch (Comp),Leihgesuch (Comp),,,,
27,Vorstand:Direktor,fremde Werke ausleihen,Antwort erhalten,WRITE Bestätigung des Leihgesuchs (Comp),Bestätigung des Leihgesuchs (Comp),Bestätigung des Leihgesuchs speichern,Kunsthalle,System.ISystemLeihverkehrProvidedRole.fügeBestätigungLeihgesuchHinzu(),1. READ Token: Token<br>2. READ bestätigung Leihgesuch: Bestätigung des Leihgesuchs<br>3. WRITE Leihgesuch<br>
28,Sammlung und Wissenschaft:Kurator,fremde Werke ausleihen,Bestätigung weiterleiten,READ/WRITE Bestätigung des,Bestätigung des Leihgesuchs (Comp),,,,
29,Sammlung und Wissenschaft:Registrar,fremde Werke ausleihen,Leihvertrag verhandeln,1. READ Bestätigung des Leihgesuchs (Comp)<br>2. READ Ausstellungskonzept (Comp)<br>3. WRITE Leihvertrag (Comp)<br>4. WRITE CRM-Eintrag (Comp)<br>,1. Bestätigung des Leihgesuchs (Comp)<br>2. Ausstellungskonzept (Comp)<br>3. Leihvertrag (Comp)<br>4. CRM-Eintrag (Comp)<br>,Ausstellungskonzept für Leihvertragsverhandlung holen,Kunsthalle,System.ISystemAusstellungProvidedRole.gibAusstellungskonzept(),1. READ token: Token<br>2. READ ausstellungsName: STRING<br>3. WRITE Ausstellungskonzept<br>
29,Sammlung und Wissenschaft:Registrar,fremde Werke ausleihen,Leihvertrag verhandeln,1. READ Bestätigung des Leihgesuchs (Comp)<br>2. READ Ausstellungskonzept (Comp)<br>3. WRITE Leihvertrag (Comp)<br>4. WRITE CRM-Eintrag (Comp)<br>,1. Bestätigung des Leihgesuchs (Comp)<br>2. Ausstellungskonzept (Comp)<br>3. Leihvertrag (Comp)<br>4. CRM-Eintrag (Comp)<br>,Ausstellungsobjekt für Vertragsverhandlungen holen,Kunsthalle,System.ISystemAllgemeineZugriffeProvidedRole.gibAusstellungsobjekt(),1. READ token: Token<br>2. READ name: STRING<br>3. WRITE öffentlich sichtbares Ausstellungsobjekt<br>
29,Sammlung und Wissenschaft:Registrar,fremde Werke ausleihen,Leihvertrag verhandeln,1. READ Bestätigung des Leihgesuchs (Comp)<br>2. READ Ausstellungskonzept (Comp)<br>3. WRITE Leihvertrag (Comp)<br>4. WRITE CRM-Eintrag (Comp)<br>,1. Bestätigung des Leihgesuchs (Comp)<br>2. Ausstellungskonzept (Comp)<br>3. Leihvertrag (Comp)<br>4. CRM-Eintrag (Comp)<br>,Hole Bestätigung des Leihgesuchs,Kunsthalle,System.ISystemLeihverkehrProvidedRole.gibBestätigungLeihgesuch(),1. READ titel Aussstellungsobjekt: STRING<br>2. WRITE Bestätigung des Leihgesuchs<br>
29,Sammlung und Wissenschaft:Registrar,fremde Werke ausleihen,Leihvertrag verhandeln,1. READ Bestätigung des Leihgesuchs (Comp)<br>2. READ Ausstellungskonzept (Comp)<br>3. WRITE Leihvertrag (Comp)<br>4. WRITE CRM-Eintrag (Comp)<br>,1. Bestätigung des Leihgesuchs (Comp)<br>2. Ausstellungskonzept (Comp)<br>3. Leihvertrag (Comp)<br>4. CRM-Eintrag (Comp)<br>,Leihvertrag erstellen,Kunsthalle,System.ISystemLeihverkehrProvidedRole.fügeLeihvertragHinzu(),1. READ token: Token<br>2. READ Leihvertragsinformationen: STRING<br>3. READ Bestätigung Leihgesuch o. Leihanfrage: Allgemeine Leihanfrage<br>
29,Sammlung und Wissenschaft:Registrar,fremde Werke ausleihen,Leihvertrag verhandeln,1. READ Bestätigung des Leihgesuchs (Comp)<br>2. READ Ausstellungskonzept (Comp)<br>3. WRITE Leihvertrag (Comp)<br>4. WRITE CRM-Eintrag (Comp)<br>,1. Bestätigung des Leihgesuchs (Comp)<br>2. Ausstellungskonzept (Comp)<br>3. Leihvertrag (Comp)<br>4. CRM-Eintrag (Comp)<br>,sich im System für Verhandlungen abmelden,Kunsthalle,System.ISystemZugangProvidedRole.abmelden(),READ Token: Token
29,Sammlung und Wissenschaft:Registrar,fremde Werke ausleihen,Leihvertrag verhandeln,1. READ Bestätigung des Leihgesuchs (Comp)<br>2. READ Ausstellungskonzept (Comp)<br>3. WRITE Leihvertrag (Comp)<br>4. WRITE CRM-Eintrag (Comp)<br>,1. Bestätigung des Leihgesuchs (Comp)<br>2. Ausstellungskonzept (Comp)<br>3. Leihvertrag (Comp)<br>4. CRM-Eintrag (Comp)<br>,sich im System für Verhandlungen anmelden,Kunsthalle,System.ISystemZugangProvidedRole.anmelden(),1. READ cred: Credentials<br>2. WRITE Token<br>
29,Sammlung und Wissenschaft:Registrar,fremde Werke ausleihen,Leihvertrag verhandeln,1. READ Bestätigung des Leihgesuchs (Comp)<br>2. READ Ausstellungskonzept (Comp)<br>3. WRITE Leihvertrag (Comp)<br>4. WRITE CRM-Eintrag (Comp)<br>,1. Bestätigung des Leihgesuchs (Comp)<br>2. Ausstellungskonzept (Comp)<br>3. Leihvertrag (Comp)<br>4. CRM-Eintrag (Comp)<br>,sich im System für Vertragsverhandlungen abmelden,Kunsthalle,System.ISystemZugangProvidedRole.abmelden(),READ Token: Token
29,Sammlung und Wissenschaft:Registrar,fremde Werke ausleihen,Leihvertrag verhandeln,1. READ Bestätigung des Leihgesuchs (Comp)<br>2. READ Ausstellungskonzept (Comp)<br>3. WRITE Leihvertrag (Comp)<br>4. WRITE CRM-Eintrag (Comp)<br>,1. Bestätigung des Leihgesuchs (Comp)<br>2. Ausstellungskonzept (Comp)<br>3. Leihvertrag (Comp)<br>4. CRM-Eintrag (Comp)<br>,sich im System für Vertragsverhandlungen anmelden,Kunsthalle,System.ISystemZugangProvidedRole.anmelden(),1. READ cred: Credentials<br>2. WRITE Token<br>
30,Sammlung und Wissenschaft:Kurator,fremde Werke ausleihen,Leihvertrag prüfen,READ/WRITE Leihvertrag (Comp),Leihvertrag (Comp),,,,
31,Vorstand:Direktor,fremde Werke ausleihen,Leihvertrag unterschreiben,READ/WRITE Leihvertrag (Comp),Leihvertrag (Comp),Leihvertrag hinzufügen,Kunsthalle,System.ISystemLeihverkehrProvidedRole.fügeLeihvertragHinzu(),1. READ token: Token<br>2. READ Leihvertragsinformationen: STRING<br>3. READ Bestätigung Leihgesuch o. Leihanfrage: Allgemeine Leihanfrage<br>
31,Vorstand:Direktor,fremde Werke ausleihen,Leihvertrag unterschreiben,READ/WRITE Leihvertrag (Comp),Leihvertrag (Comp),sich im System für die Vertrags-Hinzufügung abmelden,Kunsthalle,System.ISystemZugangProvidedRole.abmelden(),READ Token: Token
31,Vorstand:Direktor,fremde Werke ausleihen,Leihvertrag unterschreiben,READ/WRITE Leihvertrag (Comp),Leihvertrag (Comp),sich im System für die Vertrags-Hinzufügung anmelden,Kunsthalle,System.ISystemZugangProvidedRole.anmelden(),1. READ cred: Credentials<br>2. WRITE Token<br>
32,Vorstand:Direktor,fremde Werke ausleihen,Leihvertrag an Museum verschicken,READ/WRITE Leihvertrag (Comp),Leihvertrag (Comp),,,,
33,Sammlung und Wissenschaft:Registrar,fremde Werke ausleihen,Leihvertrag archivieren,READ Leihvertrag (Comp),Leihvertrag (Comp),Leihvertrag hinzufügen,Kunsthalle,System.ISystemLeihverkehrProvidedRole.fügeLeihvertragHinzu(),1. READ token: Token<br>2. READ Leihvertragsinformationen: STRING<br>3. READ Bestätigung Leihgesuch o. Leihanfrage: Allgemeine Leihanfrage<br>
33,Sammlung und Wissenschaft:Registrar,fremde Werke ausleihen,Leihvertrag archivieren,READ Leihvertrag (Comp),Leihvertrag (Comp),sich im System für die Leihvertrags-Hinzufügung abmelden,Kunsthalle,System.ISystemZugangProvidedRole.abmelden(),READ Token: Token
33,Sammlung und Wissenschaft:Registrar,fremde Werke ausleihen,Leihvertrag archivieren,READ Leihvertrag (Comp),Leihvertrag (Comp),sich im System für die Leihvertrags-Hinzufügung anmelden,Kunsthalle,System.ISystemZugangProvidedRole.anmelden(),1. READ cred: Credentials<br>2. WRITE Token<br>
34,Sammlung und Wissenschaft:Registrar,fremdes Werk wird angeliefert,Transportunternehmen beauftragen,READ CRM-Eintrag (Comp),CRM-Eintrag (Comp),Kontakt zu Transportunternehmen holen,Kunsthalle,System.ISystemCRMProvidedRole.gibEintrag(),1. READ token: Token<br>2. READ name: STRING<br>3. WRITE CRM-Eintrag<br>
34,Sammlung und Wissenschaft:Registrar,fremdes Werk wird angeliefert,Transportunternehmen beauftragen,READ CRM-Eintrag (Comp),CRM-Eintrag (Comp),sich im System für den Transport anmelden,Kunsthalle,System.ISystemZugangProvidedRole.anmelden(),1. READ cred: Credentials<br>2. WRITE Token<br>
35,Sammlung und Wissenschaft:Registrar,fremdes Werk wird angeliefert,Liefertermin ausmachen,,,Lieferauftrag verbuchen,Kunsthalle,System.ISystemLeihverkehrProvidedRole.fügeTransportauftragHinzu(),1. READ token: Token<br>2. READ auftrag: Transportauftrag<br>
35,Sammlung und Wissenschaft:Registrar,fremdes Werk wird angeliefert,Liefertermin ausmachen,,,sich im System für den Transport abmelden,Kunsthalle,System.ISystemZugangProvidedRole.abmelden(),READ Token: Token
36,Zentrale Dienste:Sicherheit,fremdes Werk wird angeliefert,Raum entsichern,,,,,,
37,Sammlung und Wissenschaft:Kurator,fremdes Werk wird angeliefert,Anlieferung beaufsichtigen und protokollieren,WRITE Protokoll (Comp),Protokoll (Comp),Protokoll hinzufügen,Kunsthalle,System.ISystemLeihverkehrProvidedRole.fügeProtokollHinzu(),1. READ token: Token<br>2. READ protokoll: Protokoll<br>
37,Sammlung und Wissenschaft:Kurator,fremdes Werk wird angeliefert,Anlieferung beaufsichtigen und protokollieren,WRITE Protokoll (Comp),Protokoll (Comp),sich im System für die Protokoll-Hinzufügung abmelden,Kunsthalle,System.ISystemZugangProvidedRole.abmelden(),READ Token: Token
37,Sammlung und Wissenschaft:Kurator,fremdes Werk wird angeliefert,Anlieferung beaufsichtigen und protokollieren,WRITE Protokoll (Comp),Protokoll (Comp),sich im System für die Protokoll-Hinzufügung anmelden,Kunsthalle,System.ISystemZugangProvidedRole.anmelden(),1. READ cred: Credentials<br>2. WRITE Token<br>
38,Sammlung und Wissenschaft:Restaurator,fremdes Werk wird angeliefert,Kurator bei Anlieferung unterstützen,READ/WRITE Protokoll (Comp),Protokoll (Comp),Protokoll hinzufügen 2,Kunsthalle,System.ISystemLeihverkehrProvidedRole.fügeProtokollHinzu(),1. READ token: Token<br>2. READ protokoll: Protokoll<br>
38,Sammlung und Wissenschaft:Restaurator,fremdes Werk wird angeliefert,Kurator bei Anlieferung unterstützen,READ/WRITE Protokoll (Comp),Protokoll (Comp),sich im System für die Protokoll-Hinzufügung abmelden 2,Kunsthalle,System.ISystemZugangProvidedRole.abmelden(),READ Token: Token
38,Sammlung und Wissenschaft:Restaurator,fremdes Werk wird angeliefert,Kurator bei Anlieferung unterstützen,READ/WRITE Protokoll (Comp),Protokoll (Comp),sich im System für die Protokoll-Hinzufügung anmelden 2,Kunsthalle,System.ISystemZugangProvidedRole.anmelden(),1. READ cred: Credentials<br>2. WRITE Token<br>
39,Zentrale Dienste:Sicherheit,fremdes Werk wird abgeholt,Raum entsichern,,,,,,
40,Sammlung und Wissenschaft:Kurator,fremdes Werk wird abgeholt,Abholung beaufsichtigen,,,,,,
41,Sammlung und Wissenschaft:Restaurator,fremdes Werk wird abgeholt,Beausichtigung des Einpackens und protokollierung,WRITE Protokoll (Comp),Protokoll (Comp),Protokoll hinzufügen,Kunsthalle,System.ISystemLeihverkehrProvidedRole.fügeProtokollHinzu(),1. READ token: Token<br>2. READ protokoll: Protokoll<br>
41,Sammlung und Wissenschaft:Restaurator,fremdes Werk wird abgeholt,Beausichtigung des Einpackens und protokollierung,WRITE Protokoll (Comp),Protokoll (Comp),sich im System für Protokoll-Hinzufügung abmelden,Kunsthalle,System.ISystemZugangProvidedRole.abmelden(),READ Token: Token
41,Sammlung und Wissenschaft:Restaurator,fremdes Werk wird abgeholt,Beausichtigung des Einpackens und protokollierung,WRITE Protokoll (Comp),Protokoll (Comp),sich im System für Protokoll-Hinzufügung anmelden,Kunsthalle,System.ISystemZugangProvidedRole.anmelden(),1. READ cred: Credentials<br>2. WRITE Token<br>
42,Sammlung und Wissenschaft:Kurator,Leihverkehr für fremde Werke,fremde Werke ausleihen,READ/WRITE Ausstellungskonzept (Comp),Ausstellungskonzept (Comp),,,,
43,Sammlung und Wissenschaft:Kurator,Leihverkehr für fremde Werke,fremdes Werk wird angeliefert,,,,,,
44,Sammlung und Wissenschaft:Kurator,Leihverkehr für fremde Werke,fremdes Werk wird abgeholt,,,,,,
45,Sammlung und Wissenschaft:Kurator,Leihverkehr für eigene Werke,Leihanfrage abwickeln,,,,,,
46,Sammlung und Wissenschaft:Kurator,Leihverkehr für eigene Werke,eigenes Werk wird abgeholt,,,,,,
47,Sammlung und Wissenschaft:Kurator,Leihverkehr für eigene Werke,eigenes Werk wird zurückgebracht,,,,,,
48,Sammlung und Wissenschaft:Kurator,Leihanfrage abwickeln,mündlich Leihanfrage entgegennehmen,READ Ausstellungsobjekte (Coll),Ausstellungsobjekte (Coll),Ausstellungsobjekt holen,Kunsthalle,System.ISystemAllgemeineZugriffeProvidedRole.gibAusstellungsobjekt(),1. READ token: Token<br>2. READ name: STRING<br>3. WRITE öffentlich sichtbares Ausstellungsobjekt<br>
48,Sammlung und Wissenschaft:Kurator,Leihanfrage abwickeln,mündlich Leihanfrage entgegennehmen,READ Ausstellungsobjekte (Coll),Ausstellungsobjekte (Coll),sich im System für Objekt-Abruf abmelden,Kunsthalle,System.ISystemZugangProvidedRole.abmelden(),READ Token: Token
48,Sammlung und Wissenschaft:Kurator,Leihanfrage abwickeln,mündlich Leihanfrage entgegennehmen,READ Ausstellungsobjekte (Coll),Ausstellungsobjekte (Coll),sich im System für Objekt-Abruf anmelden,Kunsthalle,System.ISystemZugangProvidedRole.anmelden(),1. READ cred: Credentials<br>2. WRITE Token<br>
49,Sammlung und Wissenschaft:Restaurator,Leihanfrage abwickeln,Ausstellungsobjekt auf Transportfähigkeit prüfen,READ Ausstellungsobjekte (Coll),Ausstellungsobjekte (Coll),Ausstellungsobjekt für Transport-Prüfung holen,Kunsthalle,System.ISystemAllgemeineZugriffeProvidedRole.gibAusstellungsobjekt(),1. READ token: Token<br>2. READ name: STRING<br>3. WRITE öffentlich sichtbares Ausstellungsobjekt<br>
49,Sammlung und Wissenschaft:Restaurator,Leihanfrage abwickeln,Ausstellungsobjekt auf Transportfähigkeit prüfen,READ Ausstellungsobjekte (Coll),Ausstellungsobjekte (Coll),sich im System für Transport-Prüfung abmelden,Kunsthalle,System.ISystemZugangProvidedRole.abmelden(),READ Token: Token
49,Sammlung und Wissenschaft:Restaurator,Leihanfrage abwickeln,Ausstellungsobjekt auf Transportfähigkeit prüfen,READ Ausstellungsobjekte (Coll),Ausstellungsobjekte (Coll),sich im System für Transport-Prüfung anmelden,Kunsthalle,System.ISystemZugangProvidedRole.anmelden(),1. READ cred: Credentials<br>2. WRITE Token<br>
50,Sammlung und Wissenschaft:Kurator,Leihanfrage abwickeln,Anfrage mündlich bestätigen,,,,,,
51,Vorstand:Direktor,Leihanfrage abwickeln,Leihanfrage entgegennehmen,WRITE Leihanfrage (Comp),Leihanfrage (Comp),Leihanfrage hinzufügen,Kunsthalle,System.ISystemLeihverkehrProvidedRole.fügeLeihanfrageHinzu(),1. READ token: Token<br>2. READ anfrage: Leihanfrage<br>
51,Vorstand:Direktor,Leihanfrage abwickeln,Leihanfrage entgegennehmen,WRITE Leihanfrage (Comp),Leihanfrage (Comp),sich im System für Leihanfragen-Hinzufügung abmelden,Kunsthalle,System.ISystemZugangProvidedRole.abmelden(),READ Token: Token
51,Vorstand:Direktor,Leihanfrage abwickeln,Leihanfrage entgegennehmen,WRITE Leihanfrage (Comp),Leihanfrage (Comp),sich im System für Leihanfragen-Hinzufügung anmelden,Kunsthalle,System.ISystemZugangProvidedRole.anmelden(),1. READ cred: Credentials<br>2. WRITE Token<br>
52,Ausschuss:Leihkommission,Leihanfrage abwickeln,über Leihanfrage entscheiden,READ Leihanfrage (Comp),Leihanfrage (Comp),,,,
53,Sammlung und Wissenschaft:Kurator,Leihanfrage abwickeln,Bestätigung schreiben,1. READ CRM-Eintrag (Comp)<br>2. WRITE Bestätigung Leihanfrage (Comp)<br>,1. CRM-Eintrag (Comp)<br>2. Bestätigung Leihanfrage (Comp)<br>,Bestätigung der Leihanfrage hinzufügen,Kunsthalle,System.ISystemLeihverkehrProvidedRole.fügeBestätigungLeihanfrageHinzu(),1. READ token: Token<br>2. READ bestätigung Leihanfrage: Bestätigung Leihanfrage<br>
53,Sammlung und Wissenschaft:Kurator,Leihanfrage abwickeln,Bestätigung schreiben,1. READ CRM-Eintrag (Comp)<br>2. WRITE Bestätigung Leihanfrage (Comp)<br>,1. CRM-Eintrag (Comp)<br>2. Bestätigung Leihanfrage (Comp)<br>,CRM-Eintrag für die Bestätigung holen,Kunsthalle,System.ISystemCRMProvidedRole.gibEintrag(),1. READ token: Token<br>2. READ name: STRING<br>3. WRITE CRM-Eintrag<br>
53,Sammlung und Wissenschaft:Kurator,Leihanfrage abwickeln,Bestätigung schreiben,1. READ CRM-Eintrag (Comp)<br>2. WRITE Bestätigung Leihanfrage (Comp)<br>,1. CRM-Eintrag (Comp)<br>2. Bestätigung Leihanfrage (Comp)<br>,sich im System für die Bestätigungs-Hinzufügung abmelden,Kunsthalle,System.ISystemZugangProvidedRole.abmelden(),READ Token: Token
53,Sammlung und Wissenschaft:Kurator,Leihanfrage abwickeln,Bestätigung schreiben,1. READ CRM-Eintrag (Comp)<br>2. WRITE Bestätigung Leihanfrage (Comp)<br>,1. CRM-Eintrag (Comp)<br>2. Bestätigung Leihanfrage (Comp)<br>,sich im System für die Bestätigungs-Hinzufügung anmelden,Kunsthalle,System.ISystemZugangProvidedRole.anmelden(),1. READ cred: Credentials<br>2. WRITE Token<br>
54,Vorstand:Direktor,Leihanfrage abwickeln,Bestätigung unterschreiben,READ/WRITE Bestätigung Leihanfrage,Bestätigung Leihanfrage (Comp),,,,
55,Vorstand:Direktor,Leihanfrage abwickeln,Bestätigung verschicken,READ Bestätigung Leihanfrage (Comp),Bestätigung Leihanfrage (Comp),,,,
56,Sammlung und Wissenschaft:Registrar,Leihanfrage abwickeln,Leihvertrag verhandeln,WRITE Leihvertrag (Comp),Leihvertrag (Comp),,,,
57,Sammlung und Wissenschaft:Kurator,Leihanfrage abwickeln,Leihvertrag prüfen,READ/WRITE Leihvertrag (Comp),Leihvertrag (Comp),,,,
58,Vorstand:Direktor,Leihanfrage abwickeln,Leihvertrag zustimmen,READ/WRITE Leihvertrag (Comp),Leihvertrag (Comp),,,,
59,Vorstand:Direktor,Leihanfrage abwickeln,Leihvertrag unterschreiben,READ/WRITE Leihvertrag (Comp),Leihvertrag (Comp),,,,
60,Sammlung und Wissenschaft:Kurator,Leihanfrage abwickeln,Ablehnung schreiben,1. READ CRM-Eintrag (Comp)<br>2. WRITE Ablehnung Leihanfrage (Comp)<br>,1. CRM-Eintrag (Comp)<br>2. Ablehnung Leihanfrage (Comp)<br>,Ablehnung der Leihanfrage hinzufügen,Kunsthalle,System.ISystemLeihverkehrProvidedRole.fügeAblehnungLeihanfrageHinzu(),1. READ token: Token<br>2. READ ablehnung: Ablehnung Leihanfrage<br>
60,Sammlung und Wissenschaft:Kurator,Leihanfrage abwickeln,Ablehnung schreiben,1. READ CRM-Eintrag (Comp)<br>2. WRITE Ablehnung Leihanfrage (Comp)<br>,1. CRM-Eintrag (Comp)<br>2. Ablehnung Leihanfrage (Comp)<br>,CRM-Eintrag für Ablehnung holen,Kunsthalle,System.ISystemCRMProvidedRole.gibEintrag(),1. READ token: Token<br>2. READ name: STRING<br>3. WRITE CRM-Eintrag<br>
60,Sammlung und Wissenschaft:Kurator,Leihanfrage abwickeln,Ablehnung schreiben,1. READ CRM-Eintrag (Comp)<br>2. WRITE Ablehnung Leihanfrage (Comp)<br>,1. CRM-Eintrag (Comp)<br>2. Ablehnung Leihanfrage (Comp)<br>,sich im System für die Ablehnungs-Hinzufügung abmelden,Kunsthalle,System.ISystemZugangProvidedRole.abmelden(),READ Token: Token
60,Sammlung und Wissenschaft:Kurator,Leihanfrage abwickeln,Ablehnung schreiben,1. READ CRM-Eintrag (Comp)<br>2. WRITE Ablehnung Leihanfrage (Comp)<br>,1. CRM-Eintrag (Comp)<br>2. Ablehnung Leihanfrage (Comp)<br>,sich im System für die Ablehnungs-Hinzufügung anmelden,Kunsthalle,System.ISystemZugangProvidedRole.anmelden(),1. READ cred: Credentials<br>2. WRITE Token<br>
61,Vorstand:Direktor,Leihanfrage abwickeln,Ablehnung unterschreiben,READ/WRITE Ablehnung Leihanfrage,Ablehnung Leihanfrage (Comp),,,,
62,Vorstand:Direktor,Leihanfrage abwickeln,Ablehnung verschicken,READ Ablehnung Leihanfrage (Comp),Ablehnung Leihanfrage (Comp),,,,
63,Sammlung und Wissenschaft:Registrar,eigenes Werk wird abgeholt,Termin ausmachen,,,,,,
64,Sammlung und Wissenschaft:Restaurator,eigenes Werk wird abgeholt,Termin bestätigen (Restaurator),,,,,,
65,Sammlung und Wissenschaft:Depotmeister,eigenes Werk wird abgeholt,Termin bestätigen (Depotmeister),,,,,,
66,Zentrale Dienste:Sicherheit,eigenes Werk wird abgeholt,Termin bestätigen (Sicherheit),,,,,,
67,Sammlung und Wissenschaft:Registrar,eigenes Werk wird abgeholt,Termin an Museum bestätigen (Registrar),READ CRM-Eintrag (Comp),CRM-Eintrag (Comp),CRM-Eintrag für Transportunternehmen holen,Kunsthalle,System.ISystemCRMProvidedRole.gibEintrag(),1. READ token: Token<br>2. READ name: STRING<br>3. WRITE CRM-Eintrag<br>
67,Sammlung und Wissenschaft:Registrar,eigenes Werk wird abgeholt,Termin an Museum bestätigen (Registrar),READ CRM-Eintrag (Comp),CRM-Eintrag (Comp),Termin für Abholung eintragen,Kunsthalle,System.ISystemLeihverkehrProvidedRole.fügeTransportauftragHinzu(),1. READ token: Token<br>2. READ auftrag: Transportauftrag<br>
67,Sammlung und Wissenschaft:Registrar,eigenes Werk wird abgeholt,Termin an Museum bestätigen (Registrar),READ CRM-Eintrag (Comp),CRM-Eintrag (Comp),sich im System für Terminbestätigung abmelden,Kunsthalle,System.ISystemZugangProvidedRole.abmelden(),READ Token: Token
67,Sammlung und Wissenschaft:Registrar,eigenes Werk wird abgeholt,Termin an Museum bestätigen (Registrar),READ CRM-Eintrag (Comp),CRM-Eintrag (Comp),sich im System für Terminbestätigung anmelden,Kunsthalle,System.ISystemZugangProvidedRole.anmelden(),1. READ cred: Credentials<br>2. WRITE Token<br>
68,Sammlung und Wissenschaft:Restaurator,eigenes Werk wird abgeholt,Werk vorbereiten,,,,,,
69,Zentrale Dienste:Sicherheit,eigenes Werk wird abgeholt,Raum entsichern,,,,,,
70,Sammlung und Wissenschaft:Restaurator,eigenes Werk wird abgeholt,Einpacken beaufsichtigen und protokollieren,WRITE Protokoll (Comp),Protokoll (Comp),Protokoll hinzufügen,Kunsthalle,System.ISystemLeihverkehrProvidedRole.fügeProtokollHinzu(),1. READ token: Token<br>2. READ protokoll: Protokoll<br>
70,Sammlung und Wissenschaft:Restaurator,eigenes Werk wird abgeholt,Einpacken beaufsichtigen und protokollieren,WRITE Protokoll (Comp),Protokoll (Comp),sich im System für die Protokoll-Hinzufügung abmelden,Kunsthalle,System.ISystemZugangProvidedRole.abmelden(),READ Token: Token
70,Sammlung und Wissenschaft:Restaurator,eigenes Werk wird abgeholt,Einpacken beaufsichtigen und protokollieren,WRITE Protokoll (Comp),Protokoll (Comp),sich im System für die Protokoll-Hinzufügung anmelden,Kunsthalle,System.ISystemZugangProvidedRole.anmelden(),1. READ cred: Credentials<br>2. WRITE Token<br>
71,Sammlung und Wissenschaft:Depotmeister,eigenes Werk wird abgeholt,Restaurierung beim Einpacken unterstützen,READ/WRITE Protokoll (Comp),Protokoll (Comp),Protokoll hinzufügen 2,Kunsthalle,System.ISystemLeihverkehrProvidedRole.fügeProtokollHinzu(),1. READ token: Token<br>2. READ protokoll: Protokoll<br>
71,Sammlung und Wissenschaft:Depotmeister,eigenes Werk wird abgeholt,Restaurierung beim Einpacken unterstützen,READ/WRITE Protokoll (Comp),Protokoll (Comp),sich im System für die Protokoll-Hinzufügung und Zustandsaktualisierung anmelden,Kunsthalle,System.ISystemZugangProvidedRole.anmelden(),1. READ cred: Credentials<br>2. WRITE Token<br>
72,Sammlung und Wissenschaft:Restaurator,eigenes Werk wird abgeholt,Verladen beaufsichtigen,,,,,,
73,Sammlung und Wissenschaft:Depotmeister,eigenes Werk wird abgeholt,Restaurierung beim Verladen unterstützen,,,,,,
74,Sammlung und Wissenschaft:Depotmeister,eigenes Werk wird abgeholt,verliehenen Zustand vermerken,WRITE Standortdaten (Coll),Standortdaten (Coll),Zustand aktualisieren,Kunsthalle,System.ISystemAllgemeineZugriffeProvidedRole.aktualisiereStandort(),1. READ token: Token<br>2. READ standort: Standort<br>
74,Sammlung und Wissenschaft:Depotmeister,eigenes Werk wird abgeholt,verliehenen Zustand vermerken,WRITE Standortdaten (Coll),Standortdaten (Coll),aktuellen Zustand holen,Kunsthalle,System.ISystemAllgemeineZugriffeProvidedRole.gibAusstellungsobjektMitStandort(),1. READ token: Token<br>2. READ name: STRING<br>3. WRITE AusstellungsobjektMitStandort<br>
74,Sammlung und Wissenschaft:Depotmeister,eigenes Werk wird abgeholt,verliehenen Zustand vermerken,WRITE Standortdaten (Coll),Standortdaten (Coll),sich im System für die Protokoll-Hinzufügung und Zustandsaktualisierung abmelden,Kunsthalle,System.ISystemZugangProvidedRole.abmelden(),READ Token: Token
75,Sammlung und Wissenschaft:Kurier,eigenes Werk wird abgeholt,Begleitung des Transports,,,,,,
